subj_id,t,block_index,block_index_zero,batch_within_block,condition_pair,first_condition,second_condition,block_condition,block_condition_label,mode,y,batch_time_sec,correct_count,n_trials,x_reward_rate,x_effort_high,choice_rt_ms,choice_button_order,manual_left,idle_batch,snippets_hovered_count
1,1,1,0,1,effort_penalty|full_suboptimal,effort_penalty,full_suboptimal,effort_penalty,Effort Penalty,ai,1,109.35610000000148,2,4,1.0973324761947287,1,4338.800000000745,ai|manual,False,False,0.0
1,2,1,0,2,effort_penalty|full_suboptimal,effort_penalty,full_suboptimal,effort_penalty,Effort Penalty,ai,1,56.21320000000298,3,4,3.202094881629056,1,24164.800000000745,ai|manual,False,False,10.0
1,3,1,0,3,effort_penalty|full_suboptimal,effort_penalty,full_suboptimal,effort_penalty,Effort Penalty,ai,1,56.432,4,4,4.252906152537567,1,5729.400000002235,ai|manual,False,False,22.0
1,4,1,0,4,effort_penalty|full_suboptimal,effort_penalty,full_suboptimal,effort_penalty,Effort Penalty,ai,1,56.69159999999776,3,4,3.1750735558708363,1,1869.699999999255,ai|manual,False,False,27.0
1,5,1,0,5,effort_penalty|full_suboptimal,effort_penalty,full_suboptimal,effort_penalty,Effort Penalty,ai,1,45.94680000000074,4,4,5.223432317375663,1,1612.5999999977648,ai|manual,False,False,13.0
1,6,1,0,6,effort_penalty|full_suboptimal,effort_penalty,full_suboptimal,effort_penalty,Effort Penalty,manual,0,25.041800000000745,4,4,9.58397559280854,0,2185.60000000149,ai|manual,False,False,
1,7,1,0,7,effort_penalty|full_suboptimal,effort_penalty,full_suboptimal,effort_penalty,Effort Penalty,manual,0,23.252599999997766,3,4,7.741069815849293,0,1103.699999999255,ai|manual,False,False,
1,8,1,0,8,effort_penalty|full_suboptimal,effort_penalty,full_suboptimal,effort_penalty,Effort Penalty,manual,0,22.50620000000298,4,4,10.663728217112094,0,1534.10000000149,ai|manual,False,False,
1,9,2,1,1,effort_penalty|full_suboptimal,effort_penalty,full_suboptimal,full_suboptimal,Full Suboptimal,manual,0,36.18760000000149,1,4,1.6580265063170128,0,3673.70000000298,ai|manual,False,False,
1,10,2,1,2,effort_penalty|full_suboptimal,effort_penalty,full_suboptimal,full_suboptimal,Full Suboptimal,manual,0,17.714700000006705,3,4,10.161052685054326,0,1336.10000000149,ai|manual,False,False,
1,11,2,1,3,effort_penalty|full_suboptimal,effort_penalty,full_suboptimal,full_suboptimal,Full Suboptimal,ai,1,84.53110000000521,4,4,2.839191729434317,1,962.39999999851,ai|manual,False,False,26.0
1,12,2,1,4,effort_penalty|full_suboptimal,effort_penalty,full_suboptimal,full_suboptimal,Full Suboptimal,ai,1,81.58730000000074,4,4,2.941634298475349,1,16401.699999999255,ai|manual,False,False,20.0
1,13,2,1,5,effort_penalty|full_suboptimal,effort_penalty,full_suboptimal,full_suboptimal,Full Suboptimal,ai,1,94.76669999999552,2,4,1.2662675813340094,1,3401.400000002235,ai|manual,False,False,18.0
1,14,2,1,6,effort_penalty|full_suboptimal,effort_penalty,full_suboptimal,full_suboptimal,Full Suboptimal,ai,1,118.12890000000225,3,4,1.523759215568727,1,14121.10000000149,ai|manual,False,False,17.0
1,15,2,1,7,effort_penalty|full_suboptimal,effort_penalty,full_suboptimal,full_suboptimal,Full Suboptimal,ai,1,66.60660000000522,3,4,2.7024348938391376,1,777.0999999977648,ai|manual,False,False,15.0
1,16,2,1,8,effort_penalty|full_suboptimal,effort_penalty,full_suboptimal,full_suboptimal,Full Suboptimal,ai,1,204.80140000000225,1,4,0.2929667472976227,1,3477.5,ai|manual,False,False,28.0
2,1,1,0,1,effort_penalty|full_suboptimal,effort_penalty,full_suboptimal,effort_penalty,Effort Penalty,manual,0,24.078500000238417,2,4,4.983699150645256,0,1761.6999998092651,ai|manual,False,False,
2,2,1,0,2,effort_penalty|full_suboptimal,effort_penalty,full_suboptimal,effort_penalty,Effort Penalty,manual,0,20.9947000002861,3,4,8.573592382722643,0,1134.5999999046326,ai|manual,False,False,
2,3,1,0,3,effort_penalty|full_suboptimal,effort_penalty,full_suboptimal,effort_penalty,Effort Penalty,manual,0,19.356099999904632,1,4,3.099797996512501,0,1133.6999998092651,ai|manual,False,False,
2,4,1,0,4,effort_penalty|full_suboptimal,effort_penalty,full_suboptimal,effort_penalty,Effort Penalty,manual,0,15.867,3,4,11.344299489506522,0,1118.3999998569489,ai|manual,False,False,
2,5,1,0,5,effort_penalty|full_suboptimal,effort_penalty,full_suboptimal,effort_penalty,Effort Penalty,ai,1,30.718299999952315,3,4,5.859699267221149,1,794.7999999523163,ai|manual,False,False,12.0
2,6,1,0,6,effort_penalty|full_suboptimal,effort_penalty,full_suboptimal,effort_penalty,Effort Penalty,manual,0,12.317,3,4,14.613948201672486,0,577.2999999523163,ai|manual,False,False,
2,7,1,0,7,effort_penalty|full_suboptimal,effort_penalty,full_suboptimal,effort_penalty,Effort Penalty,manual,0,14.012700000286102,3,4,12.84549016223318,0,611.1999998092651,ai|manual,False,False,
2,8,1,0,8,effort_penalty|full_suboptimal,effort_penalty,full_suboptimal,effort_penalty,Effort Penalty,manual,0,14.160299999713898,4,4,16.948793458108167,0,1509.5,ai|manual,False,False,
2,9,2,1,1,effort_penalty|full_suboptimal,effort_penalty,full_suboptimal,full_suboptimal,Full Suboptimal,manual,0,11.966899999856947,4,4,20.05531925585314,0,1395.0,ai|manual,False,False,
2,10,2,1,2,effort_penalty|full_suboptimal,effort_penalty,full_suboptimal,full_suboptimal,Full Suboptimal,manual,0,12.865299999952317,4,4,18.6548312127109,0,729.2000000476837,ai|manual,False,False,
2,11,2,1,3,effort_penalty|full_suboptimal,effort_penalty,full_suboptimal,full_suboptimal,Full Suboptimal,manual,0,12.853399999856949,3,4,14.004076742496403,0,779.2999999523163,ai|manual,False,False,
2,12,2,1,4,effort_penalty|full_suboptimal,effort_penalty,full_suboptimal,full_suboptimal,Full Suboptimal,manual,0,11.542799999713898,3,4,15.594136605023175,0,701.1000001430511,ai|manual,False,False,
2,13,2,1,5,effort_penalty|full_suboptimal,effort_penalty,full_suboptimal,full_suboptimal,Full Suboptimal,manual,0,15.248,4,4,15.739769150052467,0,812.5,ai|manual,False,False,
2,14,2,1,6,effort_penalty|full_suboptimal,effort_penalty,full_suboptimal,full_suboptimal,Full Suboptimal,manual,0,13.569900000333789,3,4,13.26465191309976,0,604.9000000953674,ai|manual,False,False,
2,15,2,1,7,effort_penalty|full_suboptimal,effort_penalty,full_suboptimal,full_suboptimal,Full Suboptimal,manual,0,11.607099999904632,3,4,15.507749567202742,0,784.7999999523163,ai|manual,False,False,
2,16,2,1,8,effort_penalty|full_suboptimal,effort_penalty,full_suboptimal,full_suboptimal,Full Suboptimal,manual,0,11.4037999997139,4,4,21.045616374017538,0,574.7000000476837,ai|manual,False,False,
3,1,1,0,1,optimal|full_suboptimal,optimal,full_suboptimal,optimal,Optimal,ai,1,31.931199999928474,3,4,5.637119807598938,0,2506.1999999284744,ai|manual,False,False,5.0
3,2,1,0,2,optimal|full_suboptimal,optimal,full_suboptimal,optimal,Optimal,manual,0,24.014799999952317,3,4,7.495377850340515,0,2679.0,ai|manual,False,False,
3,3,1,0,3,optimal|full_suboptimal,optimal,full_suboptimal,optimal,Optimal,ai,1,29.269200000166897,4,4,8.199745807833201,0,1142.7999999523165,ai|manual,False,False,6.0
3,4,1,0,4,optimal|full_suboptimal,optimal,full_suboptimal,optimal,Optimal,ai,1,36.55269999980926,2,4,3.282931219872298,0,1226.399999976158,ai|manual,False,False,11.0
3,5,1,0,5,optimal|full_suboptimal,optimal,full_suboptimal,optimal,Optimal,ai,1,30.22600000011921,3,4,5.9551379606726025,0,2256.900000095367,ai|manual,False,False,8.0
3,6,1,0,6,optimal|full_suboptimal,optimal,full_suboptimal,optimal,Optimal,ai,1,31.3335,2,4,3.8297668629422184,0,7598.800000071526,ai|manual,False,False,8.0
3,7,1,0,7,optimal|full_suboptimal,optimal,full_suboptimal,optimal,Optimal,ai,1,30.76620000004768,2,4,3.900384187836458,0,3461.5,ai|manual,False,False,9.0
3,8,1,0,8,optimal|full_suboptimal,optimal,full_suboptimal,optimal,Optimal,manual,0,30.0995,3,4,5.980165783484776,0,3658.5,ai|manual,False,False,
3,9,2,1,1,optimal|full_suboptimal,optimal,full_suboptimal,full_suboptimal,Full Suboptimal,ai,1,80.20230000007153,3,4,2.2443246640038934,1,1765.5,ai|manual,False,False,28.0
3,10,2,1,2,optimal|full_suboptimal,optimal,full_suboptimal,full_suboptimal,Full Suboptimal,manual,0,33.94310000002384,3,4,5.302992360741169,0,1786.9000000953674,ai|manual,False,False,
3,11,2,1,3,optimal|full_suboptimal,optimal,full_suboptimal,full_suboptimal,Full Suboptimal,ai,1,78.04369999992848,3,4,2.306400132235721,1,859.7999999523163,ai|manual,False,False,20.0
3,12,2,1,4,optimal|full_suboptimal,optimal,full_suboptimal,full_suboptimal,Full Suboptimal,ai,1,71.84500000011921,3,4,2.505393555566864,1,1245.600000023842,ai|manual,False,False,13.0
3,13,2,1,5,optimal|full_suboptimal,optimal,full_suboptimal,full_suboptimal,Full Suboptimal,ai,1,70.9075,4,4,3.384691323202764,1,960.899999976158,ai|manual,False,False,17.0
3,14,2,1,6,optimal|full_suboptimal,optimal,full_suboptimal,full_suboptimal,Full Suboptimal,ai,1,65.36469999992848,4,4,3.671706593930097,1,1332.2999999523165,ai|manual,False,False,16.0
3,15,2,1,7,optimal|full_suboptimal,optimal,full_suboptimal,full_suboptimal,Full Suboptimal,ai,1,99.68289999997616,4,4,2.407634609346813,1,1657.7000000476835,ai|manual,False,False,19.0
3,16,2,1,8,optimal|full_suboptimal,optimal,full_suboptimal,full_suboptimal,Full Suboptimal,ai,1,56.15809999990464,2,4,2.1368244296050576,1,1306.399999976158,ai|manual,False,False,8.0
4,1,1,0,1,effort_penalty|full_suboptimal,effort_penalty,full_suboptimal,effort_penalty,Effort Penalty,manual,0,16.422900000035764,3,4,10.960305427154037,0,1599.2999999523165,manual|ai,True,False,
4,2,1,0,2,effort_penalty|full_suboptimal,effort_penalty,full_suboptimal,effort_penalty,Effort Penalty,manual,0,13.4685,4,4,17.819356275754537,0,1151.2999999523165,manual|ai,True,False,
4,3,1,0,3,effort_penalty|full_suboptimal,effort_penalty,full_suboptimal,effort_penalty,Effort Penalty,manual,0,15.348999999940396,3,4,11.727148348472149,0,599.3000000119209,manual|ai,True,False,
4,4,1,0,4,effort_penalty|full_suboptimal,effort_penalty,full_suboptimal,effort_penalty,Effort Penalty,ai,1,24.508599999904632,3,4,7.344360755028864,1,1501.800000011921,manual|ai,True,False,11.0
4,5,1,0,5,effort_penalty|full_suboptimal,effort_penalty,full_suboptimal,effort_penalty,Effort Penalty,manual,0,12.881100000023842,4,4,18.631949134744374,0,341.89999997615814,manual|ai,True,False,
4,6,1,0,6,effort_penalty|full_suboptimal,effort_penalty,full_suboptimal,effort_penalty,Effort Penalty,manual,0,12.721500000059605,4,4,18.86569979946355,0,406.10000002384186,manual|ai,True,False,
4,7,1,0,7,effort_penalty|full_suboptimal,effort_penalty,full_suboptimal,effort_penalty,Effort Penalty,manual,0,16.2005,1,4,3.703589395389031,0,417.60000002384186,manual|ai,True,False,
4,8,1,0,8,effort_penalty|full_suboptimal,effort_penalty,full_suboptimal,effort_penalty,Effort Penalty,manual,0,15.467,3,4,11.637680222409,0,345.89999997615814,manual|ai,True,False,
4,9,2,1,1,effort_penalty|full_suboptimal,effort_penalty,full_suboptimal,full_suboptimal,Full Suboptimal,manual,0,11.322600000083446,4,4,21.196544963014787,0,780.8999999761581,manual|ai,True,False,
4,10,2,1,2,effort_penalty|full_suboptimal,effort_penalty,full_suboptimal,full_suboptimal,Full Suboptimal,manual,0,11.849599999964235,4,4,20.25384823122505,0,409.4000000357628,manual|ai,True,False,
4,11,2,1,3,effort_penalty|full_suboptimal,effort_penalty,full_suboptimal,full_suboptimal,Full Suboptimal,manual,0,13.565100000023842,4,4,17.692460800110442,0,293.30000001192093,manual|ai,True,False,
4,12,2,1,4,effort_penalty|full_suboptimal,effort_penalty,full_suboptimal,full_suboptimal,Full Suboptimal,manual,0,11.93389999997616,4,4,20.110776862591397,0,300.69999998807907,manual|ai,True,False,
4,13,2,1,5,effort_penalty|full_suboptimal,effort_penalty,full_suboptimal,full_suboptimal,Full Suboptimal,manual,0,12.054799999952316,4,4,19.909081859587,0,293.2000000476837,manual|ai,True,False,
4,14,2,1,6,effort_penalty|full_suboptimal,effort_penalty,full_suboptimal,full_suboptimal,Full Suboptimal,manual,0,11.52480000001192,2,4,10.412328196573986,0,294.19999998807907,manual|ai,True,False,
4,15,2,1,7,effort_penalty|full_suboptimal,effort_penalty,full_suboptimal,full_suboptimal,Full Suboptimal,manual,0,11.63619999998808,1,4,5.156322510790591,0,291.19999998807907,manual|ai,True,False,
4,16,2,1,8,effort_penalty|full_suboptimal,effort_penalty,full_suboptimal,full_suboptimal,Full Suboptimal,manual,0,11.192899999916554,4,4,21.442164229269384,0,309.4000000357628,manual|ai,True,False,
5,1,1,0,1,effort_penalty|full_suboptimal,effort_penalty,full_suboptimal,effort_penalty,Effort Penalty,manual,0,19.54289999999106,4,4,12.280674823087146,0,4717.0999999940395,ai|manual,False,False,
5,2,1,0,2,effort_penalty|full_suboptimal,effort_penalty,full_suboptimal,effort_penalty,Effort Penalty,manual,0,20.49509999999404,4,4,11.710116076529014,0,1966.699999988079,ai|manual,False,False,
5,3,1,0,3,effort_penalty|full_suboptimal,effort_penalty,full_suboptimal,effort_penalty,Effort Penalty,manual,0,22.80780000001192,4,4,10.52271591297164,0,2558.79999999702,ai|manual,False,False,
5,4,1,0,4,effort_penalty|full_suboptimal,effort_penalty,full_suboptimal,effort_penalty,Effort Penalty,ai,1,27.1465,3,4,6.630689039102647,1,3223.0,ai|manual,False,False,0.0
5,5,1,0,5,effort_penalty|full_suboptimal,effort_penalty,full_suboptimal,effort_penalty,Effort Penalty,manual,0,17.67259999999404,4,4,13.580344714421246,0,1431.800000011921,ai|manual,False,False,
5,6,1,0,6,effort_penalty|full_suboptimal,effort_penalty,full_suboptimal,effort_penalty,Effort Penalty,manual,0,17.77509999999404,4,4,13.502033743837192,0,1526.800000011921,ai|manual,False,False,
5,7,1,0,7,effort_penalty|full_suboptimal,effort_penalty,full_suboptimal,effort_penalty,Effort Penalty,manual,0,22.07929999998212,4,4,10.869909825048548,0,1694.8999999910593,ai|manual,False,False,
5,8,1,0,8,effort_penalty|full_suboptimal,effort_penalty,full_suboptimal,effort_penalty,Effort Penalty,manual,0,28.837599999979137,2,4,4.1612339445753745,0,1471.8999999910593,ai|manual,False,False,
5,9,2,1,1,effort_penalty|full_suboptimal,effort_penalty,full_suboptimal,full_suboptimal,Full Suboptimal,manual,0,18.9785000000149,4,4,12.64588876886011,0,1847.0,ai|manual,False,False,
5,10,2,1,2,effort_penalty|full_suboptimal,effort_penalty,full_suboptimal,full_suboptimal,Full Suboptimal,manual,0,16.415200000017883,4,4,14.620595545575965,0,2230.699999988079,ai|manual,False,False,
5,11,2,1,3,effort_penalty|full_suboptimal,effort_penalty,full_suboptimal,full_suboptimal,Full Suboptimal,manual,0,21.96360000002384,4,4,10.927170409210673,0,982.6000000089408,ai|manual,False,False,
5,12,2,1,4,effort_penalty|full_suboptimal,effort_penalty,full_suboptimal,full_suboptimal,Full Suboptimal,manual,0,21.09480000001192,3,4,8.532908584101213,0,1695.7999999970198,ai|manual,False,False,
5,13,2,1,5,effort_penalty|full_suboptimal,effort_penalty,full_suboptimal,full_suboptimal,Full Suboptimal,manual,0,19.28170000000298,4,4,12.447035271784276,0,1463.9000000059605,ai|manual,False,False,
5,14,2,1,6,effort_penalty|full_suboptimal,effort_penalty,full_suboptimal,full_suboptimal,Full Suboptimal,manual,0,16.4655,4,4,14.575931493121985,0,1294.800000011921,ai|manual,False,False,
5,15,2,1,7,effort_penalty|full_suboptimal,effort_penalty,full_suboptimal,full_suboptimal,Full Suboptimal,manual,0,14.09070000000298,3,4,12.77438310374658,0,1478.7000000029802,ai|manual,False,False,
5,16,2,1,8,effort_penalty|full_suboptimal,effort_penalty,full_suboptimal,full_suboptimal,Full Suboptimal,manual,0,18.35819999998808,2,4,6.536588554437685,0,1471.7000000029802,ai|manual,False,False,
6,1,1,0,1,full_suboptimal|full_suboptimal,full_suboptimal,full_suboptimal,full_suboptimal,Full Suboptimal,ai,1,108.54839999997616,4,4,2.210995279525564,1,4966.699999988079,ai|manual,False,False,15.0
6,2,1,0,2,full_suboptimal|full_suboptimal,full_suboptimal,full_suboptimal,full_suboptimal,Full Suboptimal,ai,1,72.01110000005364,4,4,3.332819523654287,1,56243.40000000596,ai|manual,False,False,11.0
6,3,1,0,3,full_suboptimal|full_suboptimal,full_suboptimal,full_suboptimal,full_suboptimal,Full Suboptimal,ai,1,113.58790000000596,1,4,0.5282252775163274,1,2228.5999999940395,ai|manual,False,False,27.0
6,4,1,0,4,full_suboptimal|full_suboptimal,full_suboptimal,full_suboptimal,full_suboptimal,Full Suboptimal,manual,0,86.72340000000597,2,4,1.3837095870317786,0,2072.5,ai|manual,False,False,
6,5,1,0,5,full_suboptimal|full_suboptimal,full_suboptimal,full_suboptimal,full_suboptimal,Full Suboptimal,ai,1,101.21330000001193,3,4,1.7784224010083536,1,3173.2999999821186,ai|manual,False,False,13.0
6,6,1,0,6,full_suboptimal|full_suboptimal,full_suboptimal,full_suboptimal,full_suboptimal,Full Suboptimal,ai,1,121.90090000000596,2,4,0.9844061856802871,1,2812.699999988079,ai|manual,False,False,14.0
6,7,1,0,7,full_suboptimal|full_suboptimal,full_suboptimal,full_suboptimal,full_suboptimal,Full Suboptimal,ai,1,125.47169999995828,3,4,1.4345864445931622,1,2211.7999999821186,ai|manual,False,False,25.0
6,8,1,0,8,full_suboptimal|full_suboptimal,full_suboptimal,full_suboptimal,full_suboptimal,Full Suboptimal,ai,1,119.92389999997616,2,4,1.0006345690894296,1,2179.300000011921,ai|manual,False,False,30.0
6,9,2,1,1,full_suboptimal|full_suboptimal,full_suboptimal,full_suboptimal,full_suboptimal,Full Suboptimal,ai,1,79.6275,3,4,2.2605255721955357,1,2853.9000000059605,ai|manual,False,False,20.0
6,10,2,1,2,full_suboptimal|full_suboptimal,full_suboptimal,full_suboptimal,full_suboptimal,Full Suboptimal,ai,1,81.45360000002384,3,4,2.2098470785815154,1,1617.800000011921,ai|manual,False,False,17.0
6,11,2,1,3,full_suboptimal|full_suboptimal,full_suboptimal,full_suboptimal,full_suboptimal,Full Suboptimal,ai,1,82.50080000004172,3,4,2.1817970249974423,1,1433.699999988079,ai|manual,False,False,18.0
6,12,2,1,4,full_suboptimal|full_suboptimal,full_suboptimal,full_suboptimal,full_suboptimal,Full Suboptimal,ai,1,81.51929999998212,4,4,2.9440880871162123,1,1611.0999999940395,ai|manual,False,False,19.0
6,13,2,1,5,full_suboptimal|full_suboptimal,full_suboptimal,full_suboptimal,full_suboptimal,Full Suboptimal,ai,1,81.7395,3,4,2.2021177031912353,1,1298.4000000059605,ai|manual,False,False,21.0
6,14,2,1,6,full_suboptimal|full_suboptimal,full_suboptimal,full_suboptimal,full_suboptimal,Full Suboptimal,ai,1,81.49519999998807,4,4,2.9449587214956847,1,1171.5,ai|manual,False,False,18.0
6,15,2,1,7,full_suboptimal|full_suboptimal,full_suboptimal,full_suboptimal,full_suboptimal,Full Suboptimal,ai,1,73.06580000001192,4,4,3.2847104938283143,1,1120.5999999940395,ai|manual,False,False,22.0
6,16,2,1,8,full_suboptimal|full_suboptimal,full_suboptimal,full_suboptimal,full_suboptimal,Full Suboptimal,ai,1,71.59589999994635,3,4,2.514110444873727,1,34128.29999998212,ai|manual,False,False,23.0
7,1,1,0,1,effort_penalty|full_suboptimal,effort_penalty,full_suboptimal,effort_penalty,Effort Penalty,ai,1,59.27740000009537,3,4,3.036570429872268,1,1699.4000000953674,ai|manual,False,False,24.0
7,2,1,0,2,effort_penalty|full_suboptimal,effort_penalty,full_suboptimal,effort_penalty,Effort Penalty,ai,1,125.08020000004768,3,4,1.439076688396176,1,816.5999999046326,ai|manual,False,False,24.0
7,3,1,0,3,effort_penalty|full_suboptimal,effort_penalty,full_suboptimal,effort_penalty,Effort Penalty,ai,1,57.247,1,4,1.048089856237008,1,839.4000000953674,ai|manual,False,False,34.0
7,4,1,0,4,effort_penalty|full_suboptimal,effort_penalty,full_suboptimal,effort_penalty,Effort Penalty,ai,1,63.81989999985695,3,4,2.820436885679913,1,736.7000000476837,ai|manual,False,False,31.0
7,5,1,0,5,effort_penalty|full_suboptimal,effort_penalty,full_suboptimal,effort_penalty,Effort Penalty,ai,1,56.53040000009537,4,4,4.245503304409576,1,607.2000000476837,ai|manual,False,False,25.0
7,6,1,0,6,effort_penalty|full_suboptimal,effort_penalty,full_suboptimal,effort_penalty,Effort Penalty,ai,1,34.77009999990463,2,4,3.45124115260897,1,735.2999999523163,ai|manual,False,False,12.0
7,7,1,0,7,effort_penalty|full_suboptimal,effort_penalty,full_suboptimal,effort_penalty,Effort Penalty,ai,1,75.48360000014306,4,4,3.179498593065847,1,535.5999999046326,ai|manual,False,False,22.0
7,8,1,0,8,effort_penalty|full_suboptimal,effort_penalty,full_suboptimal,effort_penalty,Effort Penalty,ai,1,38.35650000023842,4,4,6.257088107583022,1,751.6000001430511,ai|manual,False,False,18.0
7,9,2,1,1,effort_penalty|full_suboptimal,effort_penalty,full_suboptimal,full_suboptimal,Full Suboptimal,ai,1,112.57710000014303,2,4,1.0659361450938736,1,1663.2000000476835,ai|manual,False,False,28.0
7,10,2,1,2,effort_penalty|full_suboptimal,effort_penalty,full_suboptimal,full_suboptimal,Full Suboptimal,ai,1,367.61690000009537,2,4,0.3264267774413223,1,1310.9000000953674,ai|manual,False,True,28.0
7,11,2,1,3,effort_penalty|full_suboptimal,effort_penalty,full_suboptimal,full_suboptimal,Full Suboptimal,manual,0,19.858200000286104,2,4,6.0428437621874656,0,3824.400000095367,ai|manual,False,False,
7,12,2,1,4,effort_penalty|full_suboptimal,effort_penalty,full_suboptimal,full_suboptimal,Full Suboptimal,manual,0,59.59869999980926,3,4,3.0202001050455136,0,679.5,ai|manual,False,False,
7,13,2,1,5,effort_penalty|full_suboptimal,effort_penalty,full_suboptimal,full_suboptimal,Full Suboptimal,manual,0,30.937099999666213,1,4,1.939419014731418,0,1751.7000000476835,ai|manual,False,False,
7,14,2,1,6,effort_penalty|full_suboptimal,effort_penalty,full_suboptimal,full_suboptimal,Full Suboptimal,manual,0,66.11760000014306,4,4,3.629895821982055,0,783.8999998569489,ai|manual,False,False,
7,15,2,1,7,effort_penalty|full_suboptimal,effort_penalty,full_suboptimal,full_suboptimal,Full Suboptimal,manual,0,55.100799999952315,2,4,2.177826819213221,0,1231.5999999046326,ai|manual,False,False,
7,16,2,1,8,effort_penalty|full_suboptimal,effort_penalty,full_suboptimal,full_suboptimal,Full Suboptimal,manual,0,13.356400000333783,4,4,17.968913778712995,0,703.6000001430511,ai|manual,False,False,
8,1,1,0,1,effort_penalty|full_suboptimal,effort_penalty,full_suboptimal,effort_penalty,Effort Penalty,manual,0,56.167,2,4,2.1364858368793063,0,2608.199999809265,manual|ai,True,False,
8,2,1,0,2,effort_penalty|full_suboptimal,effort_penalty,full_suboptimal,effort_penalty,Effort Penalty,ai,1,59.9477999997139,4,4,4.0034830302554125,1,1077.5999999046326,manual|ai,True,False,24.0
8,3,1,0,3,effort_penalty|full_suboptimal,effort_penalty,full_suboptimal,effort_penalty,Effort Penalty,manual,0,32.09119999933243,3,4,5.609014309335406,0,574.0999999046326,manual|ai,True,False,
8,4,1,0,4,effort_penalty|full_suboptimal,effort_penalty,full_suboptimal,effort_penalty,Effort Penalty,manual,0,43.06459999990463,4,4,5.57302285405023,0,749.3999996185303,manual|ai,True,False,
8,5,1,0,5,effort_penalty|full_suboptimal,effort_penalty,full_suboptimal,effort_penalty,Effort Penalty,manual,0,39.0525,3,4,4.609179950067217,0,602.1999998092651,manual|ai,True,False,
8,6,1,0,6,effort_penalty|full_suboptimal,effort_penalty,full_suboptimal,effort_penalty,Effort Penalty,manual,0,28.02909999895096,3,4,6.42189724274903,0,540.2000002861023,manual|ai,True,False,
8,7,1,0,7,effort_penalty|full_suboptimal,effort_penalty,full_suboptimal,effort_penalty,Effort Penalty,manual,0,33.1597999997139,4,4,7.237679358804056,0,556.0,manual|ai,True,False,
8,8,1,0,8,effort_penalty|full_suboptimal,effort_penalty,full_suboptimal,effort_penalty,Effort Penalty,manual,0,36.18130000019074,3,4,4.974945621054276,0,724.1000003814697,manual|ai,True,False,
8,9,2,1,1,effort_penalty|full_suboptimal,effort_penalty,full_suboptimal,full_suboptimal,Full Suboptimal,ai,1,94.2865,3,4,1.9090750001325745,1,1597.9000000953674,manual|ai,True,False,25.0
8,10,2,1,2,effort_penalty|full_suboptimal,effort_penalty,full_suboptimal,full_suboptimal,Full Suboptimal,manual,0,46.94,2,4,2.556455048998722,0,704.3000001907349,manual|ai,True,False,
8,11,2,1,3,effort_penalty|full_suboptimal,effort_penalty,full_suboptimal,full_suboptimal,Full Suboptimal,manual,0,44.9445,3,4,4.004939425291193,0,672.1999998092651,manual|ai,True,False,
8,12,2,1,4,effort_penalty|full_suboptimal,effort_penalty,full_suboptimal,full_suboptimal,Full Suboptimal,manual,0,29.80959999990463,3,4,6.03832322475229,0,721.7999997138977,manual|ai,True,False,
8,13,2,1,5,effort_penalty|full_suboptimal,effort_penalty,full_suboptimal,full_suboptimal,Full Suboptimal,manual,0,33.674,2,4,3.5635802102512324,0,753.0999999046326,manual|ai,True,False,
8,14,2,1,6,effort_penalty|full_suboptimal,effort_penalty,full_suboptimal,full_suboptimal,Full Suboptimal,ai,1,75.9205,4,4,3.161201520011064,1,688.3000001907349,manual|ai,True,False,22.0
8,15,2,1,7,effort_penalty|full_suboptimal,effort_penalty,full_suboptimal,full_suboptimal,Full Suboptimal,ai,1,65.8127999997139,4,4,3.64670702357358,1,899.0999999046326,manual|ai,True,False,7.0
8,16,2,1,8,effort_penalty|full_suboptimal,effort_penalty,full_suboptimal,full_suboptimal,Full Suboptimal,manual,0,31.22039999961853,4,4,7.687281393029316,0,1293.8000001907349,manual|ai,True,False,
9,1,1,0,1,full_suboptimal|full_suboptimal,full_suboptimal,full_suboptimal,full_suboptimal,Full Suboptimal,ai,1,104.534700000003,2,4,1.147944175474714,1,2567.10000000149,manual|ai,True,False,15.0
9,2,1,0,2,full_suboptimal|full_suboptimal,full_suboptimal,full_suboptimal,full_suboptimal,Full Suboptimal,manual,0,44.11189999999106,4,4,5.4407087429933565,0,2389.0,manual|ai,True,False,
9,3,1,0,3,full_suboptimal|full_suboptimal,full_suboptimal,full_suboptimal,full_suboptimal,Full Suboptimal,manual,0,24.74010000000149,2,4,4.850425018491953,0,2200.5,manual|ai,True,False,
9,4,1,0,4,full_suboptimal|full_suboptimal,full_suboptimal,full_suboptimal,full_suboptimal,Full Suboptimal,manual,0,14.16409999999404,4,4,16.94424636934934,0,978.0,manual|ai,True,False,
9,5,1,0,5,full_suboptimal|full_suboptimal,full_suboptimal,full_suboptimal,full_suboptimal,Full Suboptimal,manual,0,16.610299999989568,2,4,7.224433032520507,0,4078.39999999851,manual|ai,True,False,
9,6,1,0,6,full_suboptimal|full_suboptimal,full_suboptimal,full_suboptimal,full_suboptimal,Full Suboptimal,manual,0,19.16129999999702,3,4,9.393934649529417,0,1156.1999999955297,manual|ai,True,False,
9,7,1,0,7,full_suboptimal|full_suboptimal,full_suboptimal,full_suboptimal,full_suboptimal,Full Suboptimal,manual,0,16.50380000001192,3,4,10.906579090868162,0,1855.4000000059605,manual|ai,True,False,
9,8,1,0,8,full_suboptimal|full_suboptimal,full_suboptimal,full_suboptimal,full_suboptimal,Full Suboptimal,manual,0,15.6475,4,4,15.337913404697234,0,1373.4000000059605,manual|ai,True,False,
9,9,2,1,1,full_suboptimal|full_suboptimal,full_suboptimal,full_suboptimal,full_suboptimal,Full Suboptimal,manual,0,18.96990000000596,3,4,9.48871633482219,0,1695.7999999970198,manual|ai,True,False,
9,10,2,1,2,full_suboptimal|full_suboptimal,full_suboptimal,full_suboptimal,full_suboptimal,Full Suboptimal,manual,0,22.00239999999851,2,4,5.453950478130028,0,956.39999999851,manual|ai,True,False,
9,11,2,1,3,full_suboptimal|full_suboptimal,full_suboptimal,full_suboptimal,full_suboptimal,Full Suboptimal,manual,0,14.57009999999404,3,4,12.354067576754698,0,661.5,manual|ai,True,False,
9,12,2,1,4,full_suboptimal|full_suboptimal,full_suboptimal,full_suboptimal,full_suboptimal,Full Suboptimal,manual,0,13.34409999999404,4,4,17.985476727550544,0,761.2999999970198,manual|ai,True,False,
9,13,2,1,5,full_suboptimal|full_suboptimal,full_suboptimal,full_suboptimal,full_suboptimal,Full Suboptimal,manual,0,19.29510000000149,4,4,12.438391094111015,0,1557.5,manual|ai,True,False,
9,14,2,1,6,full_suboptimal|full_suboptimal,full_suboptimal,full_suboptimal,full_suboptimal,Full Suboptimal,manual,0,14.490600000001493,4,4,16.5624611817299,0,767.1999999955297,manual|ai,True,False,
9,15,2,1,7,full_suboptimal|full_suboptimal,full_suboptimal,full_suboptimal,full_suboptimal,Full Suboptimal,manual,0,14.20279999999702,2,4,8.449038217817979,0,973.9000000059604,manual|ai,True,False,
9,16,2,1,8,full_suboptimal|full_suboptimal,full_suboptimal,full_suboptimal,full_suboptimal,Full Suboptimal,manual,0,13.06799999999255,3,4,13.774104683203443,0,661.5,manual|ai,True,False,
10,1,1,0,1,effort_penalty|full_suboptimal,effort_penalty,full_suboptimal,effort_penalty,Effort Penalty,ai,1,69.355,3,4,2.5953428015283686,1,2457.0,manual|ai,True,False,23.0
10,2,1,0,2,effort_penalty|full_suboptimal,effort_penalty,full_suboptimal,effort_penalty,Effort Penalty,ai,1,53.838,2,4,2.2289089490694303,1,1207.0,manual|ai,True,False,14.0
10,3,1,0,3,effort_penalty|full_suboptimal,effort_penalty,full_suboptimal,effort_penalty,Effort Penalty,ai,1,35.341,3,4,5.093234486856625,1,1154.0,manual|ai,True,False,13.0
10,4,1,0,4,effort_penalty|full_suboptimal,effort_penalty,full_suboptimal,effort_penalty,Effort Penalty,ai,1,30.44,2,4,3.942181340341655,1,1017.0,manual|ai,True,False,11.0
10,5,1,0,5,effort_penalty|full_suboptimal,effort_penalty,full_suboptimal,effort_penalty,Effort Penalty,ai,1,23.936,3,4,7.520053475935829,1,3627.0,manual|ai,True,False,6.0
10,6,1,0,6,effort_penalty|full_suboptimal,effort_penalty,full_suboptimal,effort_penalty,Effort Penalty,ai,1,30.027,3,4,5.994604855629933,1,1672.0,manual|ai,True,False,10.0
10,7,1,0,7,effort_penalty|full_suboptimal,effort_penalty,full_suboptimal,effort_penalty,Effort Penalty,ai,1,33.284,2,4,3.605335897127749,1,1356.0,manual|ai,True,False,18.0
10,8,1,0,8,effort_penalty|full_suboptimal,effort_penalty,full_suboptimal,effort_penalty,Effort Penalty,ai,1,27.003,4,4,8.887901344295079,1,894.0,manual|ai,True,False,12.0
10,9,2,1,1,effort_penalty|full_suboptimal,effort_penalty,full_suboptimal,full_suboptimal,Full Suboptimal,ai,1,137.785,4,4,1.7418441775229525,1,270939.0,manual|ai,True,False,13.0
10,10,2,1,2,effort_penalty|full_suboptimal,effort_penalty,full_suboptimal,full_suboptimal,Full Suboptimal,ai,1,64.187,2,4,1.869537445277081,1,1408.0,manual|ai,True,False,13.0
10,11,2,1,3,effort_penalty|full_suboptimal,effort_penalty,full_suboptimal,full_suboptimal,Full Suboptimal,ai,1,95.526,4,4,2.5124049996859497,1,524.0,manual|ai,True,False,11.0
10,12,2,1,4,effort_penalty|full_suboptimal,effort_penalty,full_suboptimal,full_suboptimal,Full Suboptimal,ai,1,121.3,4,4,1.978565539983512,1,2164.0,manual|ai,True,False,11.0
10,13,2,1,5,effort_penalty|full_suboptimal,effort_penalty,full_suboptimal,full_suboptimal,Full Suboptimal,ai,1,83.016,4,4,2.8910089621277826,1,986.0,manual|ai,True,False,15.0
10,14,2,1,6,effort_penalty|full_suboptimal,effort_penalty,full_suboptimal,full_suboptimal,Full Suboptimal,ai,1,56.57,1,4,1.060632844263744,1,2140.0,manual|ai,True,False,10.0
10,15,2,1,7,effort_penalty|full_suboptimal,effort_penalty,full_suboptimal,full_suboptimal,Full Suboptimal,ai,1,58.4,1,4,1.0273972602739727,1,1143.0,manual|ai,True,False,11.0
10,16,2,1,8,effort_penalty|full_suboptimal,effort_penalty,full_suboptimal,full_suboptimal,Full Suboptimal,ai,1,79.053,4,4,3.035937915069637,1,2312.0,manual|ai,True,False,7.0
11,1,1,0,1,optimal|full_suboptimal,optimal,full_suboptimal,optimal,Optimal,ai,1,59.916599999427795,3,4,3.0041758043967617,0,2752.800000190735,manual|ai,True,False,10.0
11,2,1,0,2,optimal|full_suboptimal,optimal,full_suboptimal,optimal,Optimal,ai,1,55.3792999997139,2,4,2.1668746264510377,0,1852.0,manual|ai,True,False,10.0
11,3,1,0,3,optimal|full_suboptimal,optimal,full_suboptimal,optimal,Optimal,ai,1,43.0362000002861,3,4,4.182525408814054,0,1299.1999998092651,manual|ai,True,False,7.0
11,4,1,0,4,optimal|full_suboptimal,optimal,full_suboptimal,optimal,Optimal,ai,1,47.8132999997139,4,4,5.0195238563628966,0,1323.8000001907349,manual|ai,True,False,10.0
11,5,1,0,5,optimal|full_suboptimal,optimal,full_suboptimal,optimal,Optimal,ai,1,32.571000000476836,3,4,5.5263885050310035,0,1052.6999998092651,manual|ai,True,False,7.0
11,6,1,0,6,optimal|full_suboptimal,optimal,full_suboptimal,optimal,Optimal,ai,1,47.13630000019074,3,4,3.818712966424425,0,1089.5999999046326,manual|ai,True,False,6.0
11,7,1,0,7,optimal|full_suboptimal,optimal,full_suboptimal,optimal,Optimal,ai,1,43.41269999980926,4,4,5.52833617814728,0,830.1000003814697,manual|ai,True,False,8.0
11,8,1,0,8,optimal|full_suboptimal,optimal,full_suboptimal,optimal,Optimal,ai,1,38.000699999809264,3,4,4.736754849276552,0,881.0999999046326,manual|ai,True,False,9.0
11,9,2,1,1,optimal|full_suboptimal,optimal,full_suboptimal,full_suboptimal,Full Suboptimal,ai,1,100.0494000005722,2,4,1.1994074926917473,1,1217.2000002861023,manual|ai,True,False,25.0
11,10,2,1,2,optimal|full_suboptimal,optimal,full_suboptimal,full_suboptimal,Full Suboptimal,ai,1,82.43370000028611,4,4,2.911430640613814,1,1011.8000001907347,manual|ai,True,False,10.0
11,11,2,1,3,optimal|full_suboptimal,optimal,full_suboptimal,full_suboptimal,Full Suboptimal,ai,1,102.9365,1,4,0.5828836224274189,1,1289.0999999046326,manual|ai,True,False,27.0
11,12,2,1,4,optimal|full_suboptimal,optimal,full_suboptimal,full_suboptimal,Full Suboptimal,ai,1,95.56060000038148,4,4,2.511495323376391,1,1042.4000000953674,manual|ai,True,False,17.0
11,13,2,1,5,optimal|full_suboptimal,optimal,full_suboptimal,full_suboptimal,Full Suboptimal,ai,1,81.15680000019073,3,4,2.217928750265868,1,855.7000002861023,manual|ai,True,False,16.0
11,14,2,1,6,optimal|full_suboptimal,optimal,full_suboptimal,full_suboptimal,Full Suboptimal,ai,1,76.73090000009537,1,4,0.7819535545643987,1,1598.0999999046326,manual|ai,True,False,17.0
11,15,2,1,7,optimal|full_suboptimal,optimal,full_suboptimal,full_suboptimal,Full Suboptimal,manual,0,21.374400000095367,4,4,11.228385358135396,0,1367.8000001907349,manual|ai,True,False,
11,16,2,1,8,optimal|full_suboptimal,optimal,full_suboptimal,full_suboptimal,Full Suboptimal,ai,1,60.0422000002861,3,4,2.9978914829760117,1,1104.4000000953674,manual|ai,True,False,8.0
12,1,1,0,1,optimal|full_suboptimal,optimal,full_suboptimal,optimal,Optimal,manual,0,19.841199999809263,2,4,6.048021289093077,0,3397.0,manual|ai,True,False,
12,2,1,0,2,optimal|full_suboptimal,optimal,full_suboptimal,optimal,Optimal,ai,1,32.838599999666215,4,4,7.308472346642045,0,1089.8999998569489,manual|ai,True,False,11.0
12,3,1,0,3,optimal|full_suboptimal,optimal,full_suboptimal,optimal,Optimal,ai,1,23.589300000190736,4,4,10.174104360793216,0,1159.5,manual|ai,True,False,5.0
12,4,1,0,4,optimal|full_suboptimal,optimal,full_suboptimal,optimal,Optimal,manual,0,15.714099999904631,3,4,11.454680828115666,0,799.7000000476837,manual|ai,True,False,
12,5,1,0,5,optimal|full_suboptimal,optimal,full_suboptimal,optimal,Optimal,manual,0,19.530700000047684,2,4,6.14417301989724,0,785.6999998092651,manual|ai,True,False,
12,6,1,0,6,optimal|full_suboptimal,optimal,full_suboptimal,optimal,Optimal,manual,0,18.005699999809266,4,4,13.329112447866082,0,1313.7999999523165,manual|ai,True,False,
12,7,1,0,7,optimal|full_suboptimal,optimal,full_suboptimal,optimal,Optimal,manual,0,35.01639999985695,3,4,5.140448475592446,0,849.5999999046326,manual|ai,True,False,
12,8,1,0,8,optimal|full_suboptimal,optimal,full_suboptimal,optimal,Optimal,ai,1,29.267899999856947,4,4,8.200110018182823,0,707.7000000476837,manual|ai,True,False,2.0
12,9,2,1,1,optimal|full_suboptimal,optimal,full_suboptimal,full_suboptimal,Full Suboptimal,ai,1,65.23830000042915,3,4,2.7591154275757637,1,1330.0,manual|ai,True,False,13.0
12,10,2,1,2,optimal|full_suboptimal,optimal,full_suboptimal,full_suboptimal,Full Suboptimal,manual,0,18.19350000023842,4,4,13.191524445370868,0,1401.7999999523165,manual|ai,True,False,
12,11,2,1,3,optimal|full_suboptimal,optimal,full_suboptimal,full_suboptimal,Full Suboptimal,manual,0,18.838299999952316,3,4,9.555002309149744,0,689.5,manual|ai,True,False,
12,12,2,1,4,optimal|full_suboptimal,optimal,full_suboptimal,full_suboptimal,Full Suboptimal,manual,0,17.967900000095366,3,4,10.017865192874217,0,825.9000000953674,manual|ai,True,False,
12,13,2,1,5,optimal|full_suboptimal,optimal,full_suboptimal,full_suboptimal,Full Suboptimal,manual,0,19.123900000095368,4,4,12.549741422973511,0,1985.7000000476835,manual|ai,True,False,
12,14,2,1,6,optimal|full_suboptimal,optimal,full_suboptimal,full_suboptimal,Full Suboptimal,manual,0,17.624400000333786,4,4,13.617484850290204,0,561.7999999523163,manual|ai,True,False,
12,15,2,1,7,optimal|full_suboptimal,optimal,full_suboptimal,full_suboptimal,Full Suboptimal,manual,0,16.361300000190734,4,4,14.668761039599676,0,546.1000001430511,manual|ai,True,False,
12,16,2,1,8,optimal|full_suboptimal,optimal,full_suboptimal,full_suboptimal,Full Suboptimal,manual,0,18.480199999809265,4,4,12.986872436579532,0,575.9000000953674,manual|ai,True,False,
13,1,1,0,1,time_penalty|full_suboptimal,time_penalty,full_suboptimal,time_penalty,Time Penalty,ai,1,64.90270000000298,4,4,3.697843078947239,0,3775.1999999955297,ai|manual,False,False,10.0
13,2,1,0,2,time_penalty|full_suboptimal,time_penalty,full_suboptimal,time_penalty,Time Penalty,ai,1,59.56460000000894,3,4,3.0219291324036925,0,1609.60000000149,ai|manual,False,False,8.0
13,3,1,0,3,time_penalty|full_suboptimal,time_penalty,full_suboptimal,time_penalty,Time Penalty,manual,0,19.67790000000596,2,4,6.098211699417298,0,1857.79999999702,ai|manual,False,False,
13,4,1,0,4,time_penalty|full_suboptimal,time_penalty,full_suboptimal,time_penalty,Time Penalty,manual,0,16.311100000001492,3,4,11.035429860646037,0,935.89999999851,ai|manual,False,False,
13,5,1,0,5,time_penalty|full_suboptimal,time_penalty,full_suboptimal,time_penalty,Time Penalty,manual,0,13.30359999999404,2,4,9.02011485613321,0,1553.7999999970198,ai|manual,False,False,
13,6,1,0,6,time_penalty|full_suboptimal,time_penalty,full_suboptimal,time_penalty,Time Penalty,manual,0,16.06509999999404,3,4,11.204412048481911,0,1481.6999999955297,ai|manual,False,False,
13,7,1,0,7,time_penalty|full_suboptimal,time_penalty,full_suboptimal,time_penalty,Time Penalty,manual,0,13.26370000000298,4,4,18.094498518508868,0,987.7999999970198,ai|manual,False,False,
13,8,1,0,8,time_penalty|full_suboptimal,time_penalty,full_suboptimal,time_penalty,Time Penalty,manual,0,15.58659999999404,3,4,11.548381301891936,0,927.7999999970198,ai|manual,False,False,
13,9,2,1,1,time_penalty|full_suboptimal,time_penalty,full_suboptimal,full_suboptimal,Full Suboptimal,manual,0,15.15489999999851,3,4,11.877346600770556,0,1542.10000000149,ai|manual,False,False,
13,10,2,1,2,time_penalty|full_suboptimal,time_penalty,full_suboptimal,full_suboptimal,Full Suboptimal,manual,0,17.13890000000596,4,4,14.00323241281042,0,875.6999999955297,ai|manual,False,False,
13,11,2,1,3,time_penalty|full_suboptimal,time_penalty,full_suboptimal,full_suboptimal,Full Suboptimal,manual,0,14.88339999999851,4,4,16.125347702811457,0,901.7999999970198,ai|manual,False,False,
13,12,2,1,4,time_penalty|full_suboptimal,time_penalty,full_suboptimal,full_suboptimal,Full Suboptimal,manual,0,15.43289999999851,4,4,15.55119258208264,0,712.1000000014901,ai|manual,False,False,
13,13,2,1,5,time_penalty|full_suboptimal,time_penalty,full_suboptimal,full_suboptimal,Full Suboptimal,manual,0,14.90700000000745,1,4,4.024954719257397,0,1062.10000000149,ai|manual,False,False,
13,14,2,1,6,time_penalty|full_suboptimal,time_penalty,full_suboptimal,full_suboptimal,Full Suboptimal,manual,0,13.996700000010431,3,4,12.860174183905196,0,811.8999999985099,ai|manual,False,False,
13,15,2,1,7,time_penalty|full_suboptimal,time_penalty,full_suboptimal,full_suboptimal,Full Suboptimal,manual,0,14.171100000016391,4,4,16.935876537440453,0,809.5,ai|manual,False,False,
13,16,2,1,8,time_penalty|full_suboptimal,time_penalty,full_suboptimal,full_suboptimal,Full Suboptimal,manual,0,14.845500000007451,4,4,16.16651510557944,0,945.7999999970198,ai|manual,False,False,
14,1,1,0,1,effort_penalty|full_suboptimal,effort_penalty,full_suboptimal,effort_penalty,Effort Penalty,manual,0,45.45599999988079,4,4,5.279831045420393,0,1405.7000000476835,ai|manual,False,False,
14,2,1,0,2,effort_penalty|full_suboptimal,effort_penalty,full_suboptimal,effort_penalty,Effort Penalty,manual,0,41.116400000214576,4,4,5.8370869044650675,0,1111.399999976158,ai|manual,False,False,
14,3,1,0,3,effort_penalty|full_suboptimal,effort_penalty,full_suboptimal,effort_penalty,Effort Penalty,manual,0,22.229300000071525,3,4,8.097420971394548,0,1219.4000000953674,ai|manual,False,False,
14,4,1,0,4,effort_penalty|full_suboptimal,effort_penalty,full_suboptimal,effort_penalty,Effort Penalty,manual,0,24.023599999904633,4,4,9.990176326651824,0,707.5,ai|manual,False,False,
14,5,1,0,5,effort_penalty|full_suboptimal,effort_penalty,full_suboptimal,effort_penalty,Effort Penalty,manual,0,30.1565,4,4,7.95848324573475,0,1023.8000000715256,ai|manual,False,False,
14,6,1,0,6,effort_penalty|full_suboptimal,effort_penalty,full_suboptimal,effort_penalty,Effort Penalty,manual,0,16.933700000047683,3,4,10.629691089336244,0,1163.600000023842,ai|manual,False,False,
14,7,1,0,7,effort_penalty|full_suboptimal,effort_penalty,full_suboptimal,effort_penalty,Effort Penalty,manual,0,15.3315,4,4,15.654045592407789,0,875.5999999046326,ai|manual,False,False,
14,8,1,0,8,effort_penalty|full_suboptimal,effort_penalty,full_suboptimal,effort_penalty,Effort Penalty,manual,0,34.826200000047685,3,4,5.1685225491082445,0,655.6999999284744,ai|manual,False,False,
14,9,2,1,1,effort_penalty|full_suboptimal,effort_penalty,full_suboptimal,full_suboptimal,Full Suboptimal,ai,1,76.32020000004768,4,4,3.1446458473621672,1,1055.600000023842,ai|manual,False,False,20.0
14,10,2,1,2,effort_penalty|full_suboptimal,effort_penalty,full_suboptimal,full_suboptimal,Full Suboptimal,manual,0,20.01910000002384,2,4,5.994275466921945,0,827.2999999523163,ai|manual,False,False,
14,11,2,1,3,effort_penalty|full_suboptimal,effort_penalty,full_suboptimal,full_suboptimal,Full Suboptimal,manual,0,20.27450000011921,4,4,11.83752990202416,0,975.5,ai|manual,False,False,
14,12,2,1,4,effort_penalty|full_suboptimal,effort_penalty,full_suboptimal,full_suboptimal,Full Suboptimal,manual,0,16.589299999952317,4,4,14.467156540703336,0,619.5,ai|manual,False,False,
14,13,2,1,5,effort_penalty|full_suboptimal,effort_penalty,full_suboptimal,full_suboptimal,Full Suboptimal,manual,0,19.17049999988079,3,4,9.389426462591969,0,599.8000000715256,ai|manual,False,False,
14,14,2,1,6,effort_penalty|full_suboptimal,effort_penalty,full_suboptimal,full_suboptimal,Full Suboptimal,manual,0,14.15889999985695,3,4,12.712851987217832,0,847.5,ai|manual,False,False,
14,15,2,1,7,effort_penalty|full_suboptimal,effort_penalty,full_suboptimal,full_suboptimal,Full Suboptimal,manual,0,20.903200000047683,2,4,5.740747828070643,0,655.6999999284744,ai|manual,False,False,
14,16,2,1,8,effort_penalty|full_suboptimal,effort_penalty,full_suboptimal,full_suboptimal,Full Suboptimal,manual,0,20.48400000011921,3,4,8.787346221389985,0,863.6000000238419,ai|manual,False,False,
15,1,1,0,1,effort_penalty|full_suboptimal,effort_penalty,full_suboptimal,effort_penalty,Effort Penalty,ai,1,32.95660000000149,4,4,7.282304606664194,1,1967.0,ai|manual,False,False,14.0
15,2,1,0,2,effort_penalty|full_suboptimal,effort_penalty,full_suboptimal,effort_penalty,Effort Penalty,ai,1,23.09280000000447,2,4,5.196424859695523,1,1975.5,ai|manual,False,False,8.0
15,3,1,0,3,effort_penalty|full_suboptimal,effort_penalty,full_suboptimal,effort_penalty,Effort Penalty,ai,1,24.00840000000596,2,4,4.998250612284459,1,632.0,ai|manual,False,False,13.0
15,4,1,0,4,effort_penalty|full_suboptimal,effort_penalty,full_suboptimal,effort_penalty,Effort Penalty,ai,1,24.67089999999851,4,4,9.72806018426626,1,928.0,ai|manual,False,False,5.0
15,5,1,0,5,effort_penalty|full_suboptimal,effort_penalty,full_suboptimal,effort_penalty,Effort Penalty,manual,0,15.94990000000596,2,4,7.523558141427542,0,527.7999999970198,ai|manual,False,False,
15,6,1,0,6,effort_penalty|full_suboptimal,effort_penalty,full_suboptimal,effort_penalty,Effort Penalty,ai,1,20.26679999999702,4,4,11.842027355084932,1,544.0,ai|manual,False,False,4.0
15,7,1,0,7,effort_penalty|full_suboptimal,effort_penalty,full_suboptimal,effort_penalty,Effort Penalty,ai,1,19.36769999999553,3,4,9.293824253785504,1,759.8000000044703,ai|manual,False,False,0.0
15,8,1,0,8,effort_penalty|full_suboptimal,effort_penalty,full_suboptimal,effort_penalty,Effort Penalty,ai,1,22.67830000000447,3,4,7.937102869261123,1,1127.8000000044703,ai|manual,False,False,5.0
15,9,2,1,1,effort_penalty|full_suboptimal,effort_penalty,full_suboptimal,full_suboptimal,Full Suboptimal,ai,1,50.10679999999702,3,4,3.5923267899768234,1,1783.6999999955297,ai|manual,False,False,6.0
15,10,2,1,2,effort_penalty|full_suboptimal,effort_penalty,full_suboptimal,full_suboptimal,Full Suboptimal,manual,0,12.48529999999702,4,4,19.222605784407044,0,399.79999999701977,ai|manual,False,False,
15,11,2,1,3,effort_penalty|full_suboptimal,effort_penalty,full_suboptimal,full_suboptimal,Full Suboptimal,manual,0,12.646,3,4,14.23374980230903,0,512.2000000029802,ai|manual,False,False,
15,12,2,1,4,effort_penalty|full_suboptimal,effort_penalty,full_suboptimal,full_suboptimal,Full Suboptimal,manual,0,13.81179999999702,4,4,17.376446227142864,0,743.9000000059605,ai|manual,False,False,
15,13,2,1,5,effort_penalty|full_suboptimal,effort_penalty,full_suboptimal,full_suboptimal,Full Suboptimal,manual,0,12.941300000004471,4,4,18.545277522344517,0,415.19999999552965,ai|manual,False,False,
15,14,2,1,6,effort_penalty|full_suboptimal,effort_penalty,full_suboptimal,full_suboptimal,Full Suboptimal,manual,0,14.02790000000596,2,4,8.55438091232109,0,327.59999999403954,ai|manual,False,False,
15,15,2,1,7,effort_penalty|full_suboptimal,effort_penalty,full_suboptimal,full_suboptimal,Full Suboptimal,manual,0,13.51339999999851,2,4,8.880074592627556,0,911.89999999851,ai|manual,False,False,
15,16,2,1,8,effort_penalty|full_suboptimal,effort_penalty,full_suboptimal,full_suboptimal,Full Suboptimal,ai,1,51.25830000000447,4,4,4.682168546361839,1,951.89999999851,ai|manual,False,False,9.0
16,1,1,0,1,optimal|full_suboptimal,optimal,full_suboptimal,optimal,Optimal,manual,0,31.13449999999255,4,4,7.708490581189916,0,2905.3000000044703,ai|manual,False,False,
16,2,1,0,2,optimal|full_suboptimal,optimal,full_suboptimal,optimal,Optimal,manual,0,24.36109999999404,3,4,7.388828911668359,0,4626.60000000149,ai|manual,False,False,
16,3,1,0,3,optimal|full_suboptimal,optimal,full_suboptimal,optimal,Optimal,manual,0,21.40629999999702,3,4,8.408739483237413,0,1789.60000000149,ai|manual,False,False,
16,4,1,0,4,optimal|full_suboptimal,optimal,full_suboptimal,optimal,Optimal,manual,0,17.5865,2,4,6.823415688169903,0,1114.0999999940395,ai|manual,False,False,
16,5,1,0,5,optimal|full_suboptimal,optimal,full_suboptimal,optimal,Optimal,ai,1,35.10540000000596,4,4,6.836555059904153,0,789.3999999985099,ai|manual,False,False,10.0
16,6,1,0,6,optimal|full_suboptimal,optimal,full_suboptimal,optimal,Optimal,ai,1,37.15659999998659,4,4,6.459148576567464,0,780.1000000014901,ai|manual,False,False,9.0
16,7,1,0,7,optimal|full_suboptimal,optimal,full_suboptimal,optimal,Optimal,manual,0,25.20909999999404,3,4,7.140278708880626,0,930.89999999851,ai|manual,False,False,
16,8,1,0,8,optimal|full_suboptimal,optimal,full_suboptimal,optimal,Optimal,manual,0,23.297,3,4,7.726316693136456,0,816.5,ai|manual,False,False,
16,9,2,1,1,optimal|full_suboptimal,optimal,full_suboptimal,full_suboptimal,Full Suboptimal,manual,0,18.77619999999553,4,4,12.782139090979918,0,2158.10000000149,ai|manual,False,False,
16,10,2,1,2,optimal|full_suboptimal,optimal,full_suboptimal,full_suboptimal,Full Suboptimal,manual,0,18.71659999999404,3,4,9.61713131658834,0,1064.5999999940395,ai|manual,False,False,
16,11,2,1,3,optimal|full_suboptimal,optimal,full_suboptimal,full_suboptimal,Full Suboptimal,ai,1,67.057,4,4,3.5790446933206077,1,1350.1999999955297,ai|manual,False,False,15.0
16,12,2,1,4,optimal|full_suboptimal,optimal,full_suboptimal,full_suboptimal,Full Suboptimal,manual,0,21.3225,3,4,8.441786844882166,0,779.0,ai|manual,False,False,
16,13,2,1,5,optimal|full_suboptimal,optimal,full_suboptimal,full_suboptimal,Full Suboptimal,manual,0,18.529300000004472,3,4,9.714344308741104,0,654.8000000044703,ai|manual,False,False,
16,14,2,1,6,optimal|full_suboptimal,optimal,full_suboptimal,full_suboptimal,Full Suboptimal,manual,0,16.68909999999404,4,4,14.380643653647336,0,1697.1999999955297,ai|manual,False,False,
16,15,2,1,7,optimal|full_suboptimal,optimal,full_suboptimal,full_suboptimal,Full Suboptimal,manual,0,18.87189999999851,4,4,12.71732046057996,0,1242.5,ai|manual,False,False,
16,16,2,1,8,optimal|full_suboptimal,optimal,full_suboptimal,full_suboptimal,Full Suboptimal,manual,0,15.70689999999851,4,4,15.279908829878764,0,980.2999999970198,ai|manual,False,False,
17,1,1,0,1,optimal|full_suboptimal,optimal,full_suboptimal,optimal,Optimal,manual,0,32.23429999995231,2,4,3.722742544437991,0,2399.2000000476837,manual|ai,True,False,
17,2,1,0,2,optimal|full_suboptimal,optimal,full_suboptimal,optimal,Optimal,ai,1,33.72369999980926,4,4,7.116656831882546,0,932.1999998092653,manual|ai,True,False,11.0
17,3,1,0,3,optimal|full_suboptimal,optimal,full_suboptimal,optimal,Optimal,ai,1,32.74199999976158,3,4,5.497526113289069,0,783.5,manual|ai,True,False,10.0
17,4,1,0,4,optimal|full_suboptimal,optimal,full_suboptimal,optimal,Optimal,manual,0,16.64660000038147,3,4,10.81301887447738,0,766.3000001907349,manual|ai,True,False,
17,5,1,0,5,optimal|full_suboptimal,optimal,full_suboptimal,optimal,Optimal,manual,0,16.05760000014305,3,4,11.209645276902927,0,1033.2000000476835,manual|ai,True,False,
17,6,1,0,6,optimal|full_suboptimal,optimal,full_suboptimal,optimal,Optimal,ai,1,26.901700000047683,4,4,8.921369281479409,0,900.2999999523163,manual|ai,True,False,7.0
17,7,1,0,7,optimal|full_suboptimal,optimal,full_suboptimal,optimal,Optimal,ai,1,23.983299999713896,3,4,7.505222383998335,0,649.6000001430511,manual|ai,True,False,7.0
17,8,1,0,8,optimal|full_suboptimal,optimal,full_suboptimal,optimal,Optimal,manual,0,17.8255,3,4,10.09789346722392,0,715.5,manual|ai,True,False,
17,9,2,1,1,optimal|full_suboptimal,optimal,full_suboptimal,full_suboptimal,Full Suboptimal,ai,1,62.9135,4,4,3.8147615376667967,1,2183.600000143051,manual|ai,True,False,16.0
17,10,2,1,2,optimal|full_suboptimal,optimal,full_suboptimal,full_suboptimal,Full Suboptimal,manual,0,20.264,4,4,11.843663639952624,0,683.5,manual|ai,True,False,
17,11,2,1,3,optimal|full_suboptimal,optimal,full_suboptimal,full_suboptimal,Full Suboptimal,manual,0,18.628200000047684,2,4,6.4418462331139255,0,665.5999999046326,manual|ai,True,False,
17,12,2,1,4,optimal|full_suboptimal,optimal,full_suboptimal,full_suboptimal,Full Suboptimal,manual,0,19.04,4,4,12.605042016806724,0,832.9000000953674,manual|ai,True,False,
17,13,2,1,5,optimal|full_suboptimal,optimal,full_suboptimal,full_suboptimal,Full Suboptimal,manual,0,19.46959999990463,3,4,9.245182232859518,0,714.5,manual|ai,True,False,
17,14,2,1,6,optimal|full_suboptimal,optimal,full_suboptimal,full_suboptimal,Full Suboptimal,manual,0,27.213200000047685,3,4,6.614437111390229,0,766.2000000476837,manual|ai,True,False,
17,15,2,1,7,optimal|full_suboptimal,optimal,full_suboptimal,full_suboptimal,Full Suboptimal,manual,0,17.977199999809265,4,4,13.35024364208811,0,734.2000000476837,manual|ai,True,False,
17,16,2,1,8,optimal|full_suboptimal,optimal,full_suboptimal,full_suboptimal,Full Suboptimal,manual,0,18.058,3,4,9.967881271458634,0,632.2999999523163,manual|ai,True,False,
18,1,1,0,1,effort_penalty|full_suboptimal,effort_penalty,full_suboptimal,effort_penalty,Effort Penalty,ai,1,55.81980000000447,3,4,3.2246622166325496,1,5147.10000000149,manual|ai,True,False,18.0
18,2,1,0,2,effort_penalty|full_suboptimal,effort_penalty,full_suboptimal,effort_penalty,Effort Penalty,manual,0,18.033,3,4,9.98170021627017,0,1879.89999999851,manual|ai,True,False,
18,3,1,0,3,effort_penalty|full_suboptimal,effort_penalty,full_suboptimal,effort_penalty,Effort Penalty,ai,1,27.237000000007452,3,4,6.608657341115055,1,3662.20000000298,manual|ai,True,False,10.0
18,4,1,0,4,effort_penalty|full_suboptimal,effort_penalty,full_suboptimal,effort_penalty,Effort Penalty,manual,0,19.920200000010432,3,4,9.036053854876243,0,2322.79999999702,manual|ai,True,False,
18,5,1,0,5,effort_penalty|full_suboptimal,effort_penalty,full_suboptimal,effort_penalty,Effort Penalty,manual,0,21.62030000001192,4,4,11.100678528968963,0,2147.89999999851,manual|ai,True,False,
18,6,1,0,6,effort_penalty|full_suboptimal,effort_penalty,full_suboptimal,effort_penalty,Effort Penalty,manual,0,14.36920000000298,3,4,12.52679341925526,0,5458.0999999940395,manual|ai,True,False,
18,7,1,0,7,effort_penalty|full_suboptimal,effort_penalty,full_suboptimal,effort_penalty,Effort Penalty,ai,1,45.93860000000149,4,4,5.224364695484673,1,1161.1999999955297,manual|ai,True,False,19.0
18,8,1,0,8,effort_penalty|full_suboptimal,effort_penalty,full_suboptimal,effort_penalty,Effort Penalty,ai,1,42.53880000000447,3,4,4.231431069987425,1,2346.0,manual|ai,True,False,22.0
18,9,2,1,1,effort_penalty|full_suboptimal,effort_penalty,full_suboptimal,full_suboptimal,Full Suboptimal,ai,1,76.35770000000298,3,4,2.357326111184504,1,1605.89999999851,manual|ai,True,False,17.0
18,10,2,1,2,effort_penalty|full_suboptimal,effort_penalty,full_suboptimal,full_suboptimal,Full Suboptimal,manual,0,23.77170000001043,3,4,7.572028925147172,0,1113.1999999955297,manual|ai,True,False,
18,11,2,1,3,effort_penalty|full_suboptimal,effort_penalty,full_suboptimal,full_suboptimal,Full Suboptimal,ai,1,85.99779999998957,3,4,2.0930767996393143,1,1761.89999999851,manual|ai,True,False,25.0
18,12,2,1,4,effort_penalty|full_suboptimal,effort_penalty,full_suboptimal,full_suboptimal,Full Suboptimal,ai,1,69.48829999999703,4,4,3.453818844323581,1,3302.29999999702,manual|ai,True,False,18.0
18,13,2,1,5,effort_penalty|full_suboptimal,effort_penalty,full_suboptimal,full_suboptimal,Full Suboptimal,ai,1,84.94150000000745,3,4,2.119105502021794,1,1499.5,manual|ai,True,False,28.0
18,14,2,1,6,effort_penalty|full_suboptimal,effort_penalty,full_suboptimal,full_suboptimal,Full Suboptimal,manual,0,15.308299999989568,2,4,7.83888478799617,0,3388.29999999702,manual|ai,True,False,
18,15,2,1,7,effort_penalty|full_suboptimal,effort_penalty,full_suboptimal,full_suboptimal,Full Suboptimal,ai,1,74.90039999999851,4,4,3.204255250973356,1,1260.7999999970198,manual|ai,True,False,19.0
18,16,2,1,8,effort_penalty|full_suboptimal,effort_penalty,full_suboptimal,full_suboptimal,Full Suboptimal,ai,1,94.202,4,4,2.5477166089891936,1,1225.5,manual|ai,True,False,24.0
19,1,1,0,1,full_suboptimal|full_suboptimal,full_suboptimal,full_suboptimal,full_suboptimal,Full Suboptimal,ai,1,65.07179999995232,4,4,3.688233612719732,1,2351.7000000476837,manual|ai,True,False,7.0
19,2,1,0,2,full_suboptimal|full_suboptimal,full_suboptimal,full_suboptimal,full_suboptimal,Full Suboptimal,ai,1,74.46,3,4,2.417405318291701,1,1403.899999976158,manual|ai,True,False,16.0
19,3,1,0,3,full_suboptimal|full_suboptimal,full_suboptimal,full_suboptimal,full_suboptimal,Full Suboptimal,ai,1,53.17570000004768,3,4,3.3850048048232293,1,1522.0,manual|ai,True,False,7.0
19,4,1,0,4,full_suboptimal|full_suboptimal,full_suboptimal,full_suboptimal,full_suboptimal,Full Suboptimal,ai,1,61.76559999990463,4,4,3.885658036194428,1,987.600000023842,manual|ai,True,False,17.0
19,5,1,0,5,full_suboptimal|full_suboptimal,full_suboptimal,full_suboptimal,full_suboptimal,Full Suboptimal,ai,1,58.268799999952314,4,4,4.118842330718951,1,1347.600000023842,manual|ai,True,False,15.0
19,6,1,0,6,full_suboptimal|full_suboptimal,full_suboptimal,full_suboptimal,full_suboptimal,Full Suboptimal,manual,0,17.124,3,4,10.511562718990891,0,1488.899999976158,manual|ai,True,False,
19,7,1,0,7,full_suboptimal|full_suboptimal,full_suboptimal,full_suboptimal,full_suboptimal,Full Suboptimal,manual,0,19.502200000047683,3,4,9.229727928108618,0,1065.0,manual|ai,True,False,
19,8,1,0,8,full_suboptimal|full_suboptimal,full_suboptimal,full_suboptimal,full_suboptimal,Full Suboptimal,manual,0,15.2575,4,4,15.72996886776995,0,970.0,manual|ai,True,False,
19,9,2,1,1,full_suboptimal|full_suboptimal,full_suboptimal,full_suboptimal,full_suboptimal,Full Suboptimal,manual,0,17.30220000016689,4,4,13.87106841891118,0,1542.600000023842,manual|ai,True,False,
19,10,2,1,2,full_suboptimal|full_suboptimal,full_suboptimal,full_suboptimal,full_suboptimal,Full Suboptimal,manual,0,15.0795,4,4,15.915647070526212,0,1144.0,manual|ai,True,False,
19,11,2,1,3,full_suboptimal|full_suboptimal,full_suboptimal,full_suboptimal,full_suboptimal,Full Suboptimal,manual,0,14.650199999928477,3,4,12.28652168577076,0,966.0,manual|ai,True,False,
19,12,2,1,4,full_suboptimal|full_suboptimal,full_suboptimal,full_suboptimal,full_suboptimal,Full Suboptimal,manual,0,19.05789999997616,2,4,6.29660140939716,0,856.6000000238419,manual|ai,True,False,
19,13,2,1,5,full_suboptimal|full_suboptimal,full_suboptimal,full_suboptimal,full_suboptimal,Full Suboptimal,manual,0,13.470099999904631,4,4,17.817239664271177,0,1023.6999999284744,manual|ai,True,False,
19,14,2,1,6,full_suboptimal|full_suboptimal,full_suboptimal,full_suboptimal,full_suboptimal,Full Suboptimal,manual,0,14.947399999976158,4,4,16.056304106425387,0,760.8999999761581,manual|ai,True,False,
19,15,2,1,7,full_suboptimal|full_suboptimal,full_suboptimal,full_suboptimal,full_suboptimal,Full Suboptimal,manual,0,14.716800000071526,4,4,16.30789302014253,0,1877.2000000476835,manual|ai,True,False,
19,16,2,1,8,full_suboptimal|full_suboptimal,full_suboptimal,full_suboptimal,full_suboptimal,Full Suboptimal,manual,0,15.247799999952315,3,4,11.804981702315278,0,1248.100000023842,manual|ai,True,False,
20,1,1,0,1,full_suboptimal|full_suboptimal,full_suboptimal,full_suboptimal,full_suboptimal,Full Suboptimal,manual,0,23.77430000000447,2,4,5.047467223008772,0,3031.10000000149,ai|manual,False,False,
20,2,1,0,2,full_suboptimal|full_suboptimal,full_suboptimal,full_suboptimal,full_suboptimal,Full Suboptimal,manual,0,19.79660000000894,4,4,12.123293898946873,0,2721.5,ai|manual,False,False,
20,3,1,0,3,full_suboptimal|full_suboptimal,full_suboptimal,full_suboptimal,full_suboptimal,Full Suboptimal,manual,0,11.86880000001192,3,4,15.16581288755554,0,1508.2999999970198,ai|manual,False,False,
20,4,1,0,4,full_suboptimal|full_suboptimal,full_suboptimal,full_suboptimal,full_suboptimal,Full Suboptimal,ai,1,82.87970000000298,3,4,2.1718225331413303,1,814.1000000014901,ai|manual,False,False,1.0
20,5,1,0,5,full_suboptimal|full_suboptimal,full_suboptimal,full_suboptimal,full_suboptimal,Full Suboptimal,manual,0,24.770299999989568,2,4,4.844511370473936,0,805.6000000014901,ai|manual,False,False,
20,6,1,0,6,full_suboptimal|full_suboptimal,full_suboptimal,full_suboptimal,full_suboptimal,Full Suboptimal,manual,0,14.686799999989567,1,4,4.085301086692991,0,1804.70000000298,ai|manual,False,False,
20,7,1,0,7,full_suboptimal|full_suboptimal,full_suboptimal,full_suboptimal,full_suboptimal,Full Suboptimal,manual,0,23.05479999998957,3,4,7.80748477540822,0,739.3999999985099,ai|manual,False,False,
20,8,1,0,8,full_suboptimal|full_suboptimal,full_suboptimal,full_suboptimal,full_suboptimal,Full Suboptimal,manual,0,18.87270000000298,3,4,9.537586036972536,0,907.89999999851,ai|manual,False,False,
20,9,2,1,1,full_suboptimal|full_suboptimal,full_suboptimal,full_suboptimal,full_suboptimal,Full Suboptimal,manual,0,14.74340000000596,2,4,8.139235183197329,0,979.7000000029802,ai|manual,False,False,
20,10,2,1,2,full_suboptimal|full_suboptimal,full_suboptimal,full_suboptimal,full_suboptimal,Full Suboptimal,manual,0,33.72560000000149,3,4,5.337191925421402,0,1120.60000000149,ai|manual,False,False,
20,11,2,1,3,full_suboptimal|full_suboptimal,full_suboptimal,full_suboptimal,full_suboptimal,Full Suboptimal,manual,0,18.70119999999553,3,4,9.625050798881515,0,716.1000000014901,ai|manual,False,False,
20,12,2,1,4,full_suboptimal|full_suboptimal,full_suboptimal,full_suboptimal,full_suboptimal,Full Suboptimal,manual,0,61.52980000000447,4,4,3.9005490022717866,0,1141.2999999970198,ai|manual,False,False,
20,13,2,1,5,full_suboptimal|full_suboptimal,full_suboptimal,full_suboptimal,full_suboptimal,Full Suboptimal,manual,0,12.82479999999702,2,4,9.356871062318936,0,1663.7999999970198,ai|manual,False,False,
20,14,2,1,6,full_suboptimal|full_suboptimal,full_suboptimal,full_suboptimal,full_suboptimal,Full Suboptimal,manual,0,116.67450000000746,2,4,1.0285023719835296,0,2598.1999999955297,ai|manual,False,False,
20,15,2,1,7,full_suboptimal|full_suboptimal,full_suboptimal,full_suboptimal,full_suboptimal,Full Suboptimal,manual,0,98.93389999999852,3,4,1.8193965870141853,0,1010.89999999851,ai|manual,False,False,
20,16,2,1,8,full_suboptimal|full_suboptimal,full_suboptimal,full_suboptimal,full_suboptimal,Full Suboptimal,manual,0,11.846199999988078,4,4,20.259661326015223,0,793.3999999985099,ai|manual,False,False,
21,1,1,0,1,time_penalty|full_suboptimal,time_penalty,full_suboptimal,time_penalty,Time Penalty,manual,0,27.85540000003576,4,4,8.615923662905285,0,3833.0,ai|manual,False,False,
21,2,1,0,2,time_penalty|full_suboptimal,time_penalty,full_suboptimal,time_penalty,Time Penalty,manual,0,17.02109999999404,4,4,14.100146289022687,0,1605.600000023842,ai|manual,False,False,
21,3,1,0,3,time_penalty|full_suboptimal,time_penalty,full_suboptimal,time_penalty,Time Penalty,manual,0,11.899700000017882,3,4,15.126431758761104,0,1009.4000000059604,ai|manual,False,False,
21,4,1,0,4,time_penalty|full_suboptimal,time_penalty,full_suboptimal,time_penalty,Time Penalty,manual,0,13.477,3,4,13.35608815018179,0,1008.7999999821186,ai|manual,False,False,
21,5,1,0,5,time_penalty|full_suboptimal,time_penalty,full_suboptimal,time_penalty,Time Penalty,manual,0,14.958500000029805,2,4,8.0221947387613,0,691.2999999821186,ai|manual,False,False,
21,6,1,0,6,time_penalty|full_suboptimal,time_penalty,full_suboptimal,time_penalty,Time Penalty,manual,0,15.720900000035762,4,4,15.266301547586592,0,723.0,ai|manual,False,False,
21,7,1,0,7,time_penalty|full_suboptimal,time_penalty,full_suboptimal,time_penalty,Time Penalty,ai,1,45.73090000003576,3,4,3.9360694847435593,0,771.2000000178814,ai|manual,False,False,0.0
21,8,1,0,8,time_penalty|full_suboptimal,time_penalty,full_suboptimal,time_penalty,Time Penalty,manual,0,15.07510000002384,4,4,15.920292402678616,0,658.9000000059605,ai|manual,False,False,
21,9,2,1,1,time_penalty|full_suboptimal,time_penalty,full_suboptimal,full_suboptimal,Full Suboptimal,manual,0,16.26769999995828,3,4,11.06487087913237,0,1171.9000000059605,ai|manual,False,False,
21,10,2,1,2,time_penalty|full_suboptimal,time_penalty,full_suboptimal,full_suboptimal,Full Suboptimal,manual,0,14.29859999999404,3,4,12.588645042177207,0,667.7999999821186,ai|manual,False,False,
21,11,2,1,3,time_penalty|full_suboptimal,time_penalty,full_suboptimal,full_suboptimal,Full Suboptimal,manual,0,11.07730000001192,4,4,21.66592942321159,0,675.6999999880791,ai|manual,False,False,
21,12,2,1,4,time_penalty|full_suboptimal,time_penalty,full_suboptimal,full_suboptimal,Full Suboptimal,manual,0,13.611100000023844,2,4,8.816333727603926,0,684.5,ai|manual,False,False,
21,13,2,1,5,time_penalty|full_suboptimal,time_penalty,full_suboptimal,full_suboptimal,Full Suboptimal,manual,0,12.69110000002384,3,4,14.183167731690858,0,817.6999999880791,ai|manual,False,False,
21,14,2,1,6,time_penalty|full_suboptimal,time_penalty,full_suboptimal,full_suboptimal,Full Suboptimal,manual,0,14.206300000041724,4,4,16.893913263784036,0,913.5,ai|manual,False,False,
21,15,2,1,7,time_penalty|full_suboptimal,time_penalty,full_suboptimal,full_suboptimal,Full Suboptimal,manual,0,13.18419999998808,3,4,13.652705511154467,0,758.8000000119209,ai|manual,False,False,
21,16,2,1,8,time_penalty|full_suboptimal,time_penalty,full_suboptimal,full_suboptimal,Full Suboptimal,manual,0,11.118599999964236,4,4,21.585451405821953,0,650.0,ai|manual,False,False,
22,1,1,0,1,optimal|full_suboptimal,optimal,full_suboptimal,optimal,Optimal,manual,0,26.14890000000014,3,4,6.8836547617681445,0,7051.5,manual|ai,True,False,
22,2,1,0,2,optimal|full_suboptimal,optimal,full_suboptimal,optimal,Optimal,ai,1,218.0096000000001,3,4,0.8256517144199151,0,1600.0,manual|ai,True,False,11.0
22,3,1,0,3,optimal|full_suboptimal,optimal,full_suboptimal,optimal,Optimal,ai,1,56.63620000000019,2,4,2.118786218001907,0,1548.1999999999534,manual|ai,True,False,9.0
22,4,1,0,4,optimal|full_suboptimal,optimal,full_suboptimal,optimal,Optimal,ai,1,28.27909999999986,3,4,6.365124774126507,0,811.6999999999534,manual|ai,True,False,6.0
22,5,1,0,5,optimal|full_suboptimal,optimal,full_suboptimal,optimal,Optimal,ai,1,56.44369999999995,3,4,3.189018437841604,0,1076.1000000000931,manual|ai,True,False,11.0
22,6,1,0,6,optimal|full_suboptimal,optimal,full_suboptimal,optimal,Optimal,manual,0,19.86140000000014,3,4,9.062805240315322,0,175.79999999981374,manual|ai,True,False,
22,7,1,0,7,optimal|full_suboptimal,optimal,full_suboptimal,optimal,Optimal,manual,0,61.79050000000024,4,4,3.884092214822652,0,1983.8000000000463,manual|ai,True,False,
22,8,1,0,8,optimal|full_suboptimal,optimal,full_suboptimal,optimal,Optimal,manual,0,50.31139999999991,2,4,2.3851453149783195,0,1035.8999999999069,manual|ai,True,False,
22,9,2,1,1,optimal|full_suboptimal,optimal,full_suboptimal,full_suboptimal,Full Suboptimal,ai,1,93.27410000000008,3,4,1.9297961599200617,1,1367.7999999998135,manual|ai,True,False,15.0
22,10,2,1,2,optimal|full_suboptimal,optimal,full_suboptimal,full_suboptimal,Full Suboptimal,manual,0,24.827600000000093,3,4,7.249995972224433,0,1251.8000000000466,manual|ai,True,False,
22,11,2,1,3,optimal|full_suboptimal,optimal,full_suboptimal,full_suboptimal,Full Suboptimal,ai,1,52.88439999999967,3,4,3.403650225775486,1,743.9000000001397,manual|ai,True,False,7.0
22,12,2,1,4,optimal|full_suboptimal,optimal,full_suboptimal,full_suboptimal,Full Suboptimal,manual,0,39.84090000000014,3,4,4.517970226576191,0,29108.799999999817,manual|ai,True,False,
22,13,2,1,5,optimal|full_suboptimal,optimal,full_suboptimal,full_suboptimal,Full Suboptimal,ai,1,86.64859999999916,4,4,2.7698081677026787,1,1367.6999999999534,manual|ai,True,False,17.0
22,14,2,1,6,optimal|full_suboptimal,optimal,full_suboptimal,full_suboptimal,Full Suboptimal,manual,0,34.444599999999625,4,4,6.967710468404412,0,1259.9000000003723,manual|ai,True,False,
22,15,2,1,7,optimal|full_suboptimal,optimal,full_suboptimal,full_suboptimal,Full Suboptimal,manual,0,54.828900000000374,1,4,1.0943134004147372,0,11160.399999999909,manual|ai,True,False,
22,16,2,1,8,optimal|full_suboptimal,optimal,full_suboptimal,full_suboptimal,Full Suboptimal,ai,1,119.8826000000001,4,4,2.0019585828135176,1,1511.8999999999069,manual|ai,True,False,15.0
23,1,1,0,1,effort_penalty|full_suboptimal,effort_penalty,full_suboptimal,effort_penalty,Effort Penalty,ai,1,49.35710000002384,2,4,2.431261155941942,1,2150.399999976158,manual|ai,True,False,23.0
23,2,1,0,2,effort_penalty|full_suboptimal,effort_penalty,full_suboptimal,effort_penalty,Effort Penalty,ai,1,35.49729999998212,1,4,1.6902694007721777,1,1183.7000000178814,manual|ai,True,False,14.0
23,3,1,0,3,effort_penalty|full_suboptimal,effort_penalty,full_suboptimal,effort_penalty,Effort Penalty,ai,1,40.44369999998808,3,4,4.450631371512821,1,935.0,manual|ai,True,False,1.0
23,4,1,0,4,effort_penalty|full_suboptimal,effort_penalty,full_suboptimal,effort_penalty,Effort Penalty,ai,1,20.03679999998212,3,4,8.983470414445453,1,1032.199999988079,manual|ai,True,False,1.0
23,5,1,0,5,effort_penalty|full_suboptimal,effort_penalty,full_suboptimal,effort_penalty,Effort Penalty,ai,1,22.19889999997616,2,4,5.405673254085962,1,847.5999999940395,manual|ai,True,False,4.0
23,6,1,0,6,effort_penalty|full_suboptimal,effort_penalty,full_suboptimal,effort_penalty,Effort Penalty,ai,1,18.59480000004172,3,4,9.680125626497524,1,767.5999999940395,manual|ai,True,False,4.0
23,7,1,0,7,effort_penalty|full_suboptimal,effort_penalty,full_suboptimal,effort_penalty,Effort Penalty,ai,1,16.23819999998808,1,4,3.694990824108833,1,1063.100000023842,manual|ai,True,False,0.0
23,8,1,0,8,effort_penalty|full_suboptimal,effort_penalty,full_suboptimal,effort_penalty,Effort Penalty,ai,1,29.17379999998212,2,4,4.113279723590123,1,830.1999999880791,manual|ai,True,False,20.0
23,9,2,1,1,effort_penalty|full_suboptimal,effort_penalty,full_suboptimal,full_suboptimal,Full Suboptimal,ai,1,49.94179999998211,4,4,4.805593711081418,1,991.3000000119208,manual|ai,True,False,9.0
23,10,2,1,2,effort_penalty|full_suboptimal,effort_penalty,full_suboptimal,full_suboptimal,Full Suboptimal,ai,1,69.27369999995828,4,4,3.464518280388438,1,1072.100000023842,manual|ai,True,False,7.0
23,11,2,1,3,effort_penalty|full_suboptimal,effort_penalty,full_suboptimal,full_suboptimal,Full Suboptimal,ai,1,51.26190000000596,4,4,4.681839728920935,1,1286.0999999940395,manual|ai,True,False,3.0
23,12,2,1,4,effort_penalty|full_suboptimal,effort_penalty,full_suboptimal,full_suboptimal,Full Suboptimal,ai,1,59.32670000001788,1,4,1.011349021603796,1,1247.2000000178814,manual|ai,True,False,1.0
23,13,2,1,5,effort_penalty|full_suboptimal,effort_penalty,full_suboptimal,full_suboptimal,Full Suboptimal,ai,1,47.630100000023845,3,4,3.7791228655810065,1,1606.699999988079,manual|ai,True,False,0.0
23,14,2,1,6,effort_penalty|full_suboptimal,effort_penalty,full_suboptimal,full_suboptimal,Full Suboptimal,manual,0,23.55590000000596,3,4,7.641397696541183,0,1167.7000000178814,manual|ai,True,False,
23,15,2,1,7,effort_penalty|full_suboptimal,effort_penalty,full_suboptimal,full_suboptimal,Full Suboptimal,manual,0,17.528600000023843,2,4,6.8459546113116145,0,1288.7999999821186,manual|ai,True,False,
23,16,2,1,8,effort_penalty|full_suboptimal,effort_penalty,full_suboptimal,full_suboptimal,Full Suboptimal,manual,0,13.99480000001192,4,4,17.149226855674648,0,911.6999999880792,manual|ai,True,False,
24,1,1,0,1,effort_penalty|full_suboptimal,effort_penalty,full_suboptimal,effort_penalty,Effort Penalty,ai,1,46.78210000026226,4,4,5.130167307552559,1,3689.0,ai|manual,False,False,27.0
24,2,1,0,2,effort_penalty|full_suboptimal,effort_penalty,full_suboptimal,effort_penalty,Effort Penalty,manual,0,15.33849999976158,2,4,7.823450793875885,0,3379.2999999523163,ai|manual,False,False,
24,3,1,0,3,effort_penalty|full_suboptimal,effort_penalty,full_suboptimal,effort_penalty,Effort Penalty,manual,0,17.739100000023843,4,4,13.52943497695359,0,2182.0,ai|manual,False,False,
24,4,1,0,4,effort_penalty|full_suboptimal,effort_penalty,full_suboptimal,effort_penalty,Effort Penalty,manual,0,13.364800000071526,4,4,17.95762001666434,0,1768.0,ai|manual,False,False,
24,5,1,0,5,effort_penalty|full_suboptimal,effort_penalty,full_suboptimal,effort_penalty,Effort Penalty,manual,0,14.635400000095368,4,4,16.398595186905457,0,1495.899999976158,ai|manual,False,False,
24,6,1,0,6,effort_penalty|full_suboptimal,effort_penalty,full_suboptimal,effort_penalty,Effort Penalty,manual,0,16.71050000011921,4,4,14.362227341987843,0,849.0,ai|manual,False,False,
24,7,1,0,7,effort_penalty|full_suboptimal,effort_penalty,full_suboptimal,effort_penalty,Effort Penalty,manual,0,17.556199999809266,2,4,6.83519212593293,0,1176.399999976158,ai|manual,False,False,
24,8,1,0,8,effort_penalty|full_suboptimal,effort_penalty,full_suboptimal,effort_penalty,Effort Penalty,ai,1,34.83850000011921,4,4,6.888930350020201,1,889.1000000238419,ai|manual,False,False,19.0
24,9,2,1,1,effort_penalty|full_suboptimal,effort_penalty,full_suboptimal,full_suboptimal,Full Suboptimal,ai,1,64.75530000007153,3,4,2.7796952527407206,1,1771.7999999523165,ai|manual,False,False,14.0
24,10,2,1,2,effort_penalty|full_suboptimal,effort_penalty,full_suboptimal,full_suboptimal,Full Suboptimal,manual,0,24.933000000119208,4,4,9.62579713627933,0,610.8999999761581,ai|manual,False,False,
24,11,2,1,3,effort_penalty|full_suboptimal,effort_penalty,full_suboptimal,full_suboptimal,Full Suboptimal,manual,0,18.24059999990463,4,4,13.157461925663345,0,736.8999999761581,ai|manual,False,False,
24,12,2,1,4,effort_penalty|full_suboptimal,effort_penalty,full_suboptimal,full_suboptimal,Full Suboptimal,manual,0,14.501,3,4,12.412937038824907,0,1099.899999976158,ai|manual,False,False,
24,13,2,1,5,effort_penalty|full_suboptimal,effort_penalty,full_suboptimal,full_suboptimal,Full Suboptimal,manual,0,17.282199999928473,4,4,13.887120852726696,0,830.1000000238419,ai|manual,False,False,
24,14,2,1,6,effort_penalty|full_suboptimal,effort_penalty,full_suboptimal,full_suboptimal,Full Suboptimal,manual,0,19.15800000011921,3,4,9.395552771629603,0,774.8999999761581,ai|manual,False,False,
24,15,2,1,7,effort_penalty|full_suboptimal,effort_penalty,full_suboptimal,full_suboptimal,Full Suboptimal,manual,0,16.1585,4,4,14.85286381780487,0,663.8999999761581,ai|manual,False,False,
24,16,2,1,8,effort_penalty|full_suboptimal,effort_penalty,full_suboptimal,full_suboptimal,Full Suboptimal,manual,0,16.374,4,4,14.657383657017224,0,1167.7999999523165,ai|manual,False,False,
25,1,1,0,1,time_penalty|full_suboptimal,time_penalty,full_suboptimal,time_penalty,Time Penalty,ai,1,1102.2949999999962,3,4,0.1632956694895655,0,3930.300000000745,manual|ai,True,True,4.0
25,2,1,0,2,time_penalty|full_suboptimal,time_penalty,full_suboptimal,time_penalty,Time Penalty,manual,0,18.18689999999851,2,4,6.598155815450123,0,3820.5,manual|ai,True,False,
25,3,1,0,3,time_penalty|full_suboptimal,time_penalty,full_suboptimal,time_penalty,Time Penalty,manual,0,11.928199999999254,3,4,15.09029023658316,0,1985.10000000149,manual|ai,True,False,
25,4,1,0,4,time_penalty|full_suboptimal,time_penalty,full_suboptimal,time_penalty,Time Penalty,manual,0,13.111600000005216,1,4,4.57610055218098,0,4884.89999999851,manual|ai,True,False,
25,5,1,0,5,time_penalty|full_suboptimal,time_penalty,full_suboptimal,time_penalty,Time Penalty,manual,0,98.83500000000372,3,4,1.821217180148664,0,998.10000000149,manual|ai,True,False,
25,6,1,0,6,time_penalty|full_suboptimal,time_penalty,full_suboptimal,time_penalty,Time Penalty,manual,0,14.952599999997766,3,4,12.03804020705609,0,819.0,manual|ai,True,False,
25,7,1,0,7,time_penalty|full_suboptimal,time_penalty,full_suboptimal,time_penalty,Time Penalty,manual,0,15.481000000003723,3,4,11.62715586848115,0,1001.1999999992548,manual|ai,True,False,
25,8,1,0,8,time_penalty|full_suboptimal,time_penalty,full_suboptimal,time_penalty,Time Penalty,manual,0,13.54460000000149,3,4,13.289428997532612,0,734.7999999970198,manual|ai,True,False,
25,9,2,1,1,time_penalty|full_suboptimal,time_penalty,full_suboptimal,full_suboptimal,Full Suboptimal,manual,0,22.575999999996274,3,4,7.973068745571833,0,967.89999999851,manual|ai,True,False,
25,10,2,1,2,time_penalty|full_suboptimal,time_penalty,full_suboptimal,full_suboptimal,Full Suboptimal,manual,0,43.822199999999256,2,4,2.7383381026055753,0,1169.800000000745,manual|ai,True,False,
25,11,2,1,3,time_penalty|full_suboptimal,time_penalty,full_suboptimal,full_suboptimal,Full Suboptimal,ai,1,57.66010000000149,3,4,3.121742764927486,1,1244.199999999255,manual|ai,True,False,16.0
25,12,2,1,4,time_penalty|full_suboptimal,time_penalty,full_suboptimal,full_suboptimal,Full Suboptimal,manual,0,27.767199999999256,4,4,8.643291365352157,0,666.8999999985099,manual|ai,True,False,
25,13,2,1,5,time_penalty|full_suboptimal,time_penalty,full_suboptimal,full_suboptimal,Full Suboptimal,manual,0,20.77010000000149,1,4,2.888767988598788,0,1128.800000000745,manual|ai,True,False,
25,14,2,1,6,time_penalty|full_suboptimal,time_penalty,full_suboptimal,full_suboptimal,Full Suboptimal,manual,0,32.74549999999628,3,4,5.496938510635674,0,922.1999999992548,manual|ai,True,False,
25,15,2,1,7,time_penalty|full_suboptimal,time_penalty,full_suboptimal,full_suboptimal,Full Suboptimal,manual,0,24.821899999994784,4,4,9.668881109022696,0,851.1999999992549,manual|ai,True,False,
25,16,2,1,8,time_penalty|full_suboptimal,time_penalty,full_suboptimal,full_suboptimal,Full Suboptimal,manual,0,16.69530000000447,2,4,7.18765161452432,0,8997.60000000149,manual|ai,True,False,
26,1,1,0,1,effort_penalty|full_suboptimal,effort_penalty,full_suboptimal,effort_penalty,Effort Penalty,manual,0,22.346999999996275,2,4,5.369848301786369,0,1214.5,manual|ai,True,False,
26,2,1,0,2,effort_penalty|full_suboptimal,effort_penalty,full_suboptimal,effort_penalty,Effort Penalty,ai,1,24.940800000000745,3,4,7.217090069283849,1,1819.0,manual|ai,True,False,13.0
26,3,1,0,3,effort_penalty|full_suboptimal,effort_penalty,full_suboptimal,effort_penalty,Effort Penalty,manual,0,11.597800000000746,3,4,15.520184862645367,0,1104.60000000149,manual|ai,True,False,
26,4,1,0,4,effort_penalty|full_suboptimal,effort_penalty,full_suboptimal,effort_penalty,Effort Penalty,manual,0,11.904800000000746,3,4,15.11995161615388,0,1351.5,manual|ai,True,False,
26,5,1,0,5,effort_penalty|full_suboptimal,effort_penalty,full_suboptimal,effort_penalty,Effort Penalty,manual,0,13.682000000003724,4,4,17.541295132285825,0,1071.89999999851,manual|ai,True,False,
26,6,1,0,6,effort_penalty|full_suboptimal,effort_penalty,full_suboptimal,effort_penalty,Effort Penalty,manual,0,16.009199999999254,2,4,7.495689978262848,0,895.1999999992549,manual|ai,True,False,
26,7,1,0,7,effort_penalty|full_suboptimal,effort_penalty,full_suboptimal,effort_penalty,Effort Penalty,manual,0,12.367399999994785,3,4,14.55439300096026,0,954.6999999992548,manual|ai,True,False,
26,8,1,0,8,effort_penalty|full_suboptimal,effort_penalty,full_suboptimal,effort_penalty,Effort Penalty,manual,0,13.76119999999553,3,4,13.080254628961026,0,1159.39999999851,manual|ai,True,False,
26,9,2,1,1,effort_penalty|full_suboptimal,effort_penalty,full_suboptimal,full_suboptimal,Full Suboptimal,manual,0,15.611300000000744,4,4,15.373479466795754,0,1010.8000000007452,manual|ai,True,False,
26,10,2,1,2,effort_penalty|full_suboptimal,effort_penalty,full_suboptimal,full_suboptimal,Full Suboptimal,manual,0,12.777199999999254,3,4,14.087593525968952,0,819.5,manual|ai,True,False,
26,11,2,1,3,effort_penalty|full_suboptimal,effort_penalty,full_suboptimal,full_suboptimal,Full Suboptimal,manual,0,12.529099999997763,2,4,9.577703107168224,0,771.1000000014901,manual|ai,True,False,
26,12,2,1,4,effort_penalty|full_suboptimal,effort_penalty,full_suboptimal,full_suboptimal,Full Suboptimal,manual,0,13.303,4,4,18.04104337367511,0,808.8000000007451,manual|ai,True,False,
26,13,2,1,5,effort_penalty|full_suboptimal,effort_penalty,full_suboptimal,full_suboptimal,Full Suboptimal,manual,0,13.03110000000149,4,4,18.417478186797165,0,919.5999999977648,manual|ai,True,False,
26,14,2,1,6,effort_penalty|full_suboptimal,effort_penalty,full_suboptimal,full_suboptimal,Full Suboptimal,manual,0,13.84309999999404,2,4,8.668578569832745,0,986.6999999992548,manual|ai,True,False,
26,15,2,1,7,effort_penalty|full_suboptimal,effort_penalty,full_suboptimal,full_suboptimal,Full Suboptimal,manual,0,12.02380000000447,2,4,9.980205924911871,0,857.0,manual|ai,True,False,
26,16,2,1,8,effort_penalty|full_suboptimal,effort_penalty,full_suboptimal,full_suboptimal,Full Suboptimal,manual,0,12.60329999999702,3,4,14.281973768778222,0,728.3999999985099,manual|ai,True,False,
27,1,1,0,1,optimal|full_suboptimal,optimal,full_suboptimal,optimal,Optimal,ai,1,45.489400000035765,3,4,3.956965798622502,0,2543.599999964237,manual|ai,True,False,11.0
27,2,1,0,2,optimal|full_suboptimal,optimal,full_suboptimal,optimal,Optimal,ai,1,34.458,2,4,3.4825004353125544,0,2015.800000011921,manual|ai,True,False,7.0
27,3,1,0,3,optimal|full_suboptimal,optimal,full_suboptimal,optimal,Optimal,ai,1,31.099600000083445,3,4,5.7878557923419285,0,1399.5,manual|ai,True,False,5.0
27,4,1,0,4,optimal|full_suboptimal,optimal,full_suboptimal,optimal,Optimal,ai,1,34.70670000010729,1,4,1.72877283060085,0,1352.0,manual|ai,True,False,9.0
27,5,1,0,5,optimal|full_suboptimal,optimal,full_suboptimal,optimal,Optimal,ai,1,25.896200000047685,4,4,9.267769016286485,0,1143.899999976158,manual|ai,True,False,7.0
27,6,1,0,6,optimal|full_suboptimal,optimal,full_suboptimal,optimal,Optimal,ai,1,34.18569999998808,4,4,7.0204793232282405,0,1480.2999999523165,manual|ai,True,False,11.0
27,7,1,0,7,optimal|full_suboptimal,optimal,full_suboptimal,optimal,Optimal,ai,1,27.76690000003576,4,4,8.643384749456759,0,1231.800000011921,manual|ai,True,False,9.0
27,8,1,0,8,optimal|full_suboptimal,optimal,full_suboptimal,optimal,Optimal,ai,1,24.583400000035763,4,4,9.762685389313557,0,1169.399999976158,manual|ai,True,False,7.0
27,9,2,1,1,optimal|full_suboptimal,optimal,full_suboptimal,full_suboptimal,Full Suboptimal,ai,1,66.6320000001192,2,4,1.8009364869700042,1,1263.800000011921,manual|ai,True,False,19.0
27,10,2,1,2,optimal|full_suboptimal,optimal,full_suboptimal,full_suboptimal,Full Suboptimal,ai,1,65.41239999991656,3,4,2.7517718353130234,1,2599.899999976158,manual|ai,True,False,23.0
27,11,2,1,3,optimal|full_suboptimal,optimal,full_suboptimal,full_suboptimal,Full Suboptimal,manual,0,21.1655,3,4,8.504405754647893,0,920.0,manual|ai,True,False,
27,12,2,1,4,optimal|full_suboptimal,optimal,full_suboptimal,full_suboptimal,Full Suboptimal,manual,0,19.03639999997616,2,4,6.303712886898273,0,1360.0,manual|ai,True,False,
27,13,2,1,5,optimal|full_suboptimal,optimal,full_suboptimal,full_suboptimal,Full Suboptimal,manual,0,16.910499999940395,3,4,10.644274267504477,0,1295.9000000357628,manual|ai,True,False,
27,14,2,1,6,optimal|full_suboptimal,optimal,full_suboptimal,full_suboptimal,Full Suboptimal,manual,0,20.46980000001192,4,4,11.724589395102065,0,1352.399999976158,manual|ai,True,False,
27,15,2,1,7,optimal|full_suboptimal,optimal,full_suboptimal,full_suboptimal,Full Suboptimal,manual,0,17.210200000047685,4,4,13.945218533156792,0,1879.9000000357628,manual|ai,True,False,
27,16,2,1,8,optimal|full_suboptimal,optimal,full_suboptimal,full_suboptimal,Full Suboptimal,manual,0,18.510500000059604,3,4,9.724210583151208,0,1936.0,manual|ai,True,False,
28,1,1,0,1,full_suboptimal|full_suboptimal,full_suboptimal,full_suboptimal,full_suboptimal,Full Suboptimal,manual,0,72.62439999997616,4,4,3.3046744620276214,0,3050.0,manual|ai,True,False,
28,2,1,0,2,full_suboptimal|full_suboptimal,full_suboptimal,full_suboptimal,full_suboptimal,Full Suboptimal,manual,0,48.29860000002384,2,4,2.484544065458228,0,4576.0,manual|ai,True,False,
28,3,1,0,3,full_suboptimal|full_suboptimal,full_suboptimal,full_suboptimal,full_suboptimal,Full Suboptimal,ai,1,140.505,3,4,1.281093199530266,1,1551.800000011921,manual|ai,True,False,28.0
28,4,1,0,4,full_suboptimal|full_suboptimal,full_suboptimal,full_suboptimal,full_suboptimal,Full Suboptimal,ai,1,127.12929999995232,3,4,1.4158813113898017,1,5081.799999952316,manual|ai,True,False,25.0
28,5,1,0,5,full_suboptimal|full_suboptimal,full_suboptimal,full_suboptimal,full_suboptimal,Full Suboptimal,manual,0,308.5737999999523,3,4,0.5833288503431847,0,1634.600000023842,manual|ai,True,True,
28,6,1,0,6,full_suboptimal|full_suboptimal,full_suboptimal,full_suboptimal,full_suboptimal,Full Suboptimal,manual,0,28.563,3,4,6.301859048419284,0,1522.699999988079,manual|ai,True,False,
28,7,1,0,7,full_suboptimal|full_suboptimal,full_suboptimal,full_suboptimal,full_suboptimal,Full Suboptimal,manual,0,32.93769999998808,4,4,7.286483269933447,0,1955.199999988079,manual|ai,True,False,
28,8,1,0,8,full_suboptimal|full_suboptimal,full_suboptimal,full_suboptimal,full_suboptimal,Full Suboptimal,manual,0,27.325400000035764,4,4,8.783037027808774,0,1729.0,manual|ai,True,False,
28,9,2,1,1,full_suboptimal|full_suboptimal,full_suboptimal,full_suboptimal,full_suboptimal,Full Suboptimal,manual,0,26.38660000002384,3,4,6.82164431945902,0,1774.399999976158,manual|ai,True,False,
28,10,2,1,2,full_suboptimal|full_suboptimal,full_suboptimal,full_suboptimal,full_suboptimal,Full Suboptimal,manual,0,28.246599999964236,4,4,8.496597820633417,0,1524.899999976158,manual|ai,True,False,
28,11,2,1,3,full_suboptimal|full_suboptimal,full_suboptimal,full_suboptimal,full_suboptimal,Full Suboptimal,manual,0,22.48550000005961,4,4,10.673545173527998,0,16470.19999998808,manual|ai,True,False,
28,12,2,1,4,full_suboptimal|full_suboptimal,full_suboptimal,full_suboptimal,full_suboptimal,Full Suboptimal,manual,0,27.079,2,4,4.431478267291998,0,1416.800000011921,manual|ai,True,False,
28,13,2,1,5,full_suboptimal|full_suboptimal,full_suboptimal,full_suboptimal,full_suboptimal,Full Suboptimal,manual,0,25.83579999995232,3,4,6.967076692044845,0,2111.800000011921,manual|ai,True,False,
28,14,2,1,6,full_suboptimal|full_suboptimal,full_suboptimal,full_suboptimal,full_suboptimal,Full Suboptimal,manual,0,18.7075,2,4,6.414539623145798,0,1893.5,manual|ai,True,False,
28,15,2,1,7,full_suboptimal|full_suboptimal,full_suboptimal,full_suboptimal,full_suboptimal,Full Suboptimal,manual,0,20.182599999964236,4,4,11.891431232865203,0,1249.300000011921,manual|ai,True,False,
28,16,2,1,8,full_suboptimal|full_suboptimal,full_suboptimal,full_suboptimal,full_suboptimal,Full Suboptimal,manual,0,19.13010000002384,4,4,12.545674094735569,0,1413.699999988079,manual|ai,True,False,
29,1,1,0,1,full_suboptimal|full_suboptimal,full_suboptimal,full_suboptimal,full_suboptimal,Full Suboptimal,ai,1,68.37510000002383,4,4,3.5100497110778095,1,6154.0999999940395,ai|manual,False,False,23.0
29,2,1,0,2,full_suboptimal|full_suboptimal,full_suboptimal,full_suboptimal,full_suboptimal,Full Suboptimal,manual,0,24.02419999998808,4,4,9.989926823790974,0,4442.200000017881,ai|manual,False,False,
29,3,1,0,3,full_suboptimal|full_suboptimal,full_suboptimal,full_suboptimal,full_suboptimal,Full Suboptimal,ai,1,83.80780000001192,4,4,2.8636952646408314,1,1527.5999999940395,ai|manual,False,False,22.0
29,4,1,0,4,full_suboptimal|full_suboptimal,full_suboptimal,full_suboptimal,full_suboptimal,Full Suboptimal,ai,1,91.89869999998808,3,4,1.958678414384788,1,1449.5,ai|manual,False,False,19.0
29,5,1,0,5,full_suboptimal|full_suboptimal,full_suboptimal,full_suboptimal,full_suboptimal,Full Suboptimal,ai,1,95.15470000001788,3,4,1.8916564289516564,1,11724.59999999404,ai|manual,False,False,24.0
29,6,1,0,6,full_suboptimal|full_suboptimal,full_suboptimal,full_suboptimal,full_suboptimal,Full Suboptimal,ai,1,68.16210000002384,2,4,1.7605091392424532,1,1401.5999999940395,ai|manual,False,False,20.0
29,7,1,0,7,full_suboptimal|full_suboptimal,full_suboptimal,full_suboptimal,full_suboptimal,Full Suboptimal,ai,1,78.29839999997616,4,4,3.065196734544679,1,2048.2999999821186,ai|manual,False,False,21.0
29,8,1,0,8,full_suboptimal|full_suboptimal,full_suboptimal,full_suboptimal,full_suboptimal,Full Suboptimal,ai,1,121.66959999996423,2,4,0.9862775911159014,1,1020.0,ai|manual,False,False,30.0
29,9,2,1,1,full_suboptimal|full_suboptimal,full_suboptimal,full_suboptimal,full_suboptimal,Full Suboptimal,ai,1,76.25890000000597,2,4,1.5735868206857246,1,1267.5,ai|manual,False,False,29.0
29,10,2,1,2,full_suboptimal|full_suboptimal,full_suboptimal,full_suboptimal,full_suboptimal,Full Suboptimal,ai,1,107.7645000000298,2,4,1.1135392452984685,1,1177.7999999821186,ai|manual,False,False,24.0
29,11,2,1,3,full_suboptimal|full_suboptimal,full_suboptimal,full_suboptimal,full_suboptimal,Full Suboptimal,ai,1,139.46460000002384,2,4,0.860433400303586,1,7324.5,ai|manual,False,False,25.0
29,12,2,1,4,full_suboptimal|full_suboptimal,full_suboptimal,full_suboptimal,full_suboptimal,Full Suboptimal,ai,1,226.9298000000119,3,4,0.7931968388461567,1,2657.600000023842,ai|manual,False,False,22.0
29,13,2,1,5,full_suboptimal|full_suboptimal,full_suboptimal,full_suboptimal,full_suboptimal,Full Suboptimal,ai,1,102.95169999998808,2,4,1.165595128589561,1,1200.2000000178814,ai|manual,False,False,23.0
29,14,2,1,6,full_suboptimal|full_suboptimal,full_suboptimal,full_suboptimal,full_suboptimal,Full Suboptimal,ai,1,58.14980000001192,4,4,4.1272712889803715,1,2666.0999999940395,ai|manual,False,False,17.0
29,15,2,1,7,full_suboptimal|full_suboptimal,full_suboptimal,full_suboptimal,full_suboptimal,Full Suboptimal,ai,1,51.57690000003576,3,4,3.489934447395543,1,851.7999999821186,ai|manual,False,False,16.0
29,16,2,1,8,full_suboptimal|full_suboptimal,full_suboptimal,full_suboptimal,full_suboptimal,Full Suboptimal,ai,1,60.71279999995232,3,4,2.9647784322274937,1,822.0,ai|manual,False,False,16.0
30,1,1,0,1,full_suboptimal|full_suboptimal,full_suboptimal,full_suboptimal,full_suboptimal,Full Suboptimal,manual,0,191.8057000001669,3,4,0.9384496915359836,0,4242.100000023842,manual|ai,True,False,
30,2,1,0,2,full_suboptimal|full_suboptimal,full_suboptimal,full_suboptimal,full_suboptimal,Full Suboptimal,ai,1,86.78819999992848,2,4,1.3826764467992063,1,1915.3000000715256,manual|ai,True,False,26.0
30,3,1,0,3,full_suboptimal|full_suboptimal,full_suboptimal,full_suboptimal,full_suboptimal,Full Suboptimal,manual,0,28.698200000047684,1,4,2.09072346000447,0,985.0,manual|ai,True,False,
30,4,1,0,4,full_suboptimal|full_suboptimal,full_suboptimal,full_suboptimal,full_suboptimal,Full Suboptimal,manual,0,43.64240000021458,4,4,5.499239271873682,0,1481.5,manual|ai,True,False,
30,5,1,0,5,full_suboptimal|full_suboptimal,full_suboptimal,full_suboptimal,full_suboptimal,Full Suboptimal,manual,0,35.982700000047686,3,4,5.002403932994508,0,1399.6999999284744,manual|ai,True,False,
30,6,1,0,6,full_suboptimal|full_suboptimal,full_suboptimal,full_suboptimal,full_suboptimal,Full Suboptimal,manual,0,25.12190000009537,4,4,9.553417536057738,0,767.3999999761581,manual|ai,True,False,
30,7,1,0,7,full_suboptimal|full_suboptimal,full_suboptimal,full_suboptimal,full_suboptimal,Full Suboptimal,manual,0,27.99799999988079,3,4,6.429030645073448,0,1006.2999999523164,manual|ai,True,False,
30,8,1,0,8,full_suboptimal|full_suboptimal,full_suboptimal,full_suboptimal,full_suboptimal,Full Suboptimal,manual,0,24.558700000047683,4,4,9.772504244912556,0,1067.6999999284744,manual|ai,True,False,
30,9,2,1,1,full_suboptimal|full_suboptimal,full_suboptimal,full_suboptimal,full_suboptimal,Full Suboptimal,manual,0,26.277899999976157,4,4,9.13314990924761,0,1341.5,manual|ai,True,False,
30,10,2,1,2,full_suboptimal|full_suboptimal,full_suboptimal,full_suboptimal,full_suboptimal,Full Suboptimal,manual,0,23.74240000009537,2,4,5.0542489385874205,0,1132.5,manual|ai,True,False,
30,11,2,1,3,full_suboptimal|full_suboptimal,full_suboptimal,full_suboptimal,full_suboptimal,Full Suboptimal,manual,0,20.720600000023843,3,4,8.687007132988082,0,949.8000000715256,manual|ai,True,False,
30,12,2,1,4,full_suboptimal|full_suboptimal,full_suboptimal,full_suboptimal,full_suboptimal,Full Suboptimal,manual,0,26.65410000014305,4,4,9.004243249583064,0,949.899999976158,manual|ai,True,False,
30,13,2,1,5,full_suboptimal|full_suboptimal,full_suboptimal,full_suboptimal,full_suboptimal,Full Suboptimal,manual,0,20.01920000004768,3,4,8.991368286423597,0,1250.3000000715256,manual|ai,True,False,
30,14,2,1,6,full_suboptimal|full_suboptimal,full_suboptimal,full_suboptimal,full_suboptimal,Full Suboptimal,manual,0,24.857400000095367,3,4,7.241304400271526,0,1048.899999976158,manual|ai,True,False,
30,15,2,1,7,full_suboptimal|full_suboptimal,full_suboptimal,full_suboptimal,full_suboptimal,Full Suboptimal,manual,0,26.36950000011921,3,4,6.826067995190893,0,1140.7999999523165,manual|ai,True,False,
30,16,2,1,8,full_suboptimal|full_suboptimal,full_suboptimal,full_suboptimal,full_suboptimal,Full Suboptimal,manual,0,19.30040000009537,4,4,12.43497544086206,0,1127.4000000953674,manual|ai,True,False,
31,1,1,0,1,optimal|full_suboptimal,optimal,full_suboptimal,optimal,Optimal,ai,1,72.06450000011921,4,4,3.3303498948803223,0,1908.5,manual|ai,True,False,10.0
31,2,1,0,2,optimal|full_suboptimal,optimal,full_suboptimal,optimal,Optimal,ai,1,52.54499999976158,1,4,1.1418783899566514,0,2509.400000095367,manual|ai,True,False,8.0
31,3,1,0,3,optimal|full_suboptimal,optimal,full_suboptimal,optimal,Optimal,ai,1,53.48760000002384,2,4,2.243510645457013,0,2384.5,manual|ai,True,False,8.0
31,4,1,0,4,optimal|full_suboptimal,optimal,full_suboptimal,optimal,Optimal,ai,1,58.700299999952314,4,4,4.0885651351048455,0,2796.600000023842,manual|ai,True,False,9.0
31,5,1,0,5,optimal|full_suboptimal,optimal,full_suboptimal,optimal,Optimal,ai,1,43.96489999997616,4,4,5.458900168091594,0,1751.100000023842,manual|ai,True,False,5.0
31,6,1,0,6,optimal|full_suboptimal,optimal,full_suboptimal,optimal,Optimal,ai,1,38.24629999995231,4,4,6.2751168086925855,0,1316.100000023842,manual|ai,True,False,7.0
31,7,1,0,7,optimal|full_suboptimal,optimal,full_suboptimal,optimal,Optimal,ai,1,33.95170000004769,4,4,7.068865476534692,0,1823.2999999523165,manual|ai,True,False,5.0
31,8,1,0,8,optimal|full_suboptimal,optimal,full_suboptimal,optimal,Optimal,ai,1,36.88290000009537,4,4,6.5070805169707215,0,1868.5,manual|ai,True,False,4.0
31,9,2,1,1,optimal|full_suboptimal,optimal,full_suboptimal,full_suboptimal,Full Suboptimal,ai,1,81.71689999997616,4,4,2.9369689745948513,1,1602.0,manual|ai,True,False,18.0
31,10,2,1,2,optimal|full_suboptimal,optimal,full_suboptimal,full_suboptimal,Full Suboptimal,manual,0,38.63799999988079,3,4,4.658626222903757,0,1788.0,manual|ai,True,False,
31,11,2,1,3,optimal|full_suboptimal,optimal,full_suboptimal,full_suboptimal,Full Suboptimal,manual,0,48.468,3,4,3.713790542213419,0,2243.8000000715256,manual|ai,True,False,
31,12,2,1,4,optimal|full_suboptimal,optimal,full_suboptimal,full_suboptimal,Full Suboptimal,ai,1,86.37539999997615,3,4,2.0839266735673547,1,3871.399999976158,manual|ai,True,False,24.0
31,13,2,1,5,optimal|full_suboptimal,optimal,full_suboptimal,full_suboptimal,Full Suboptimal,ai,1,88.45679999995231,2,4,1.3565944054054035,1,2037.600000023842,manual|ai,True,False,17.0
31,14,2,1,6,optimal|full_suboptimal,optimal,full_suboptimal,full_suboptimal,Full Suboptimal,manual,0,28.453400000214575,4,4,8.434844341913097,0,2573.2000000476837,manual|ai,True,False,
31,15,2,1,7,optimal|full_suboptimal,optimal,full_suboptimal,full_suboptimal,Full Suboptimal,manual,0,21.29810000014305,4,4,11.268610814973542,0,2919.2000000476837,manual|ai,True,False,
31,16,2,1,8,optimal|full_suboptimal,optimal,full_suboptimal,full_suboptimal,Full Suboptimal,manual,0,14.980800000071524,3,4,12.01537968594071,0,1141.100000023842,manual|ai,True,False,
32,1,1,0,1,time_penalty|full_suboptimal,time_penalty,full_suboptimal,time_penalty,Time Penalty,ai,1,96.22180000000074,3,4,1.8706779544759984,0,6295.099999997765,manual|ai,True,False,10.0
32,2,1,0,2,time_penalty|full_suboptimal,time_penalty,full_suboptimal,time_penalty,Time Penalty,ai,1,146.73450000000372,4,4,1.6356071680483726,0,2094.0,manual|ai,True,False,10.0
32,3,1,0,3,time_penalty|full_suboptimal,time_penalty,full_suboptimal,time_penalty,Time Penalty,ai,1,67.40109999999777,4,4,3.5607727470324364,0,1594.5,manual|ai,True,False,8.0
32,4,1,0,4,time_penalty|full_suboptimal,time_penalty,full_suboptimal,time_penalty,Time Penalty,ai,1,65.62170000000297,3,4,2.7429950763237136,0,1245.60000000149,manual|ai,True,False,8.0
32,5,1,0,5,time_penalty|full_suboptimal,time_penalty,full_suboptimal,time_penalty,Time Penalty,ai,1,83.45,2,4,1.4379868184541642,0,991.60000000149,manual|ai,True,False,11.0
32,6,1,0,6,time_penalty|full_suboptimal,time_penalty,full_suboptimal,time_penalty,Time Penalty,ai,1,132.51089999999851,3,4,1.3583788201574514,0,1082.5999999977648,manual|ai,True,False,12.0
32,7,1,0,7,time_penalty|full_suboptimal,time_penalty,full_suboptimal,time_penalty,Time Penalty,ai,1,163.3436000000015,3,4,1.1019715495434064,0,1130.9000000022352,manual|ai,True,False,10.0
32,8,1,0,8,time_penalty|full_suboptimal,time_penalty,full_suboptimal,time_penalty,Time Penalty,ai,1,209.87509999999776,3,4,0.8576529564488685,0,1664.0,manual|ai,True,False,10.0
32,9,2,1,1,time_penalty|full_suboptimal,time_penalty,full_suboptimal,full_suboptimal,Full Suboptimal,ai,1,209.88090000000224,3,4,0.8576292554491527,1,1314.89999999851,manual|ai,True,False,26.0
32,10,2,1,2,time_penalty|full_suboptimal,time_penalty,full_suboptimal,full_suboptimal,Full Suboptimal,ai,1,189.5643999999985,3,4,0.9495453787736592,1,1465.0,manual|ai,True,False,26.0
32,11,2,1,3,time_penalty|full_suboptimal,time_penalty,full_suboptimal,full_suboptimal,Full Suboptimal,ai,1,91.14910000000522,2,4,1.316524244342436,1,10636.10000000149,manual|ai,True,False,30.0
32,12,2,1,4,time_penalty|full_suboptimal,time_penalty,full_suboptimal,full_suboptimal,Full Suboptimal,ai,1,93.49630000000448,2,4,1.2834732497435115,1,1452.5,manual|ai,True,False,36.0
32,13,2,1,5,time_penalty|full_suboptimal,time_penalty,full_suboptimal,full_suboptimal,Full Suboptimal,ai,1,81.45669999999926,2,4,1.4731753189117789,1,871.5,manual|ai,True,False,34.0
32,14,2,1,6,time_penalty|full_suboptimal,time_penalty,full_suboptimal,full_suboptimal,Full Suboptimal,ai,1,78.97669999999925,4,4,3.03887095814338,1,1232.5,manual|ai,True,False,22.0
32,15,2,1,7,time_penalty|full_suboptimal,time_penalty,full_suboptimal,full_suboptimal,Full Suboptimal,ai,1,88.47100000000373,3,4,2.034564998700054,1,1049.199999999255,manual|ai,True,False,35.0
32,16,2,1,8,time_penalty|full_suboptimal,time_penalty,full_suboptimal,full_suboptimal,Full Suboptimal,ai,1,62.42969999999926,4,4,3.8443240957429374,1,1992.70000000298,manual|ai,True,False,19.0
33,1,1,0,1,time_penalty|full_suboptimal,time_penalty,full_suboptimal,time_penalty,Time Penalty,ai,1,151.8558000000417,2,4,0.7902233566315349,0,3449.300000011921,ai|manual,False,False,9.0
33,2,1,0,2,time_penalty|full_suboptimal,time_penalty,full_suboptimal,time_penalty,Time Penalty,ai,1,101.6619999999702,4,4,2.360764100647935,0,1540.7000000178814,ai|manual,False,False,6.0
33,3,1,0,3,time_penalty|full_suboptimal,time_penalty,full_suboptimal,time_penalty,Time Penalty,ai,1,89.814,3,4,2.004141893246042,0,1219.0,ai|manual,False,False,3.0
33,4,1,0,4,time_penalty|full_suboptimal,time_penalty,full_suboptimal,time_penalty,Time Penalty,ai,1,71.83040000003577,3,4,2.505902793245066,0,1441.199999988079,ai|manual,False,False,4.0
33,5,1,0,5,time_penalty|full_suboptimal,time_penalty,full_suboptimal,time_penalty,Time Penalty,ai,1,53.58290000000597,3,4,3.359280666033006,0,835.4000000059605,ai|manual,False,False,2.0
33,6,1,0,6,time_penalty|full_suboptimal,time_penalty,full_suboptimal,time_penalty,Time Penalty,ai,1,70.46040000000596,2,4,1.7030842856411523,0,2257.5,ai|manual,False,False,6.0
33,7,1,0,7,time_penalty|full_suboptimal,time_penalty,full_suboptimal,time_penalty,Time Penalty,ai,1,80.02090000000597,3,4,2.249412341025739,0,1210.5,ai|manual,False,False,6.0
33,8,1,0,8,time_penalty|full_suboptimal,time_penalty,full_suboptimal,time_penalty,Time Penalty,ai,1,73.35979999998212,4,4,3.2715465418397884,0,2036.100000023842,ai|manual,False,False,2.0
33,9,2,1,1,time_penalty|full_suboptimal,time_penalty,full_suboptimal,full_suboptimal,Full Suboptimal,manual,0,22.909700000047685,2,4,5.237955974969128,0,3310.199999988079,ai|manual,False,False,
33,10,2,1,2,time_penalty|full_suboptimal,time_penalty,full_suboptimal,full_suboptimal,Full Suboptimal,manual,0,16.71419999998808,3,4,10.769285996346124,0,1024.4000000059605,ai|manual,False,False,
33,11,2,1,3,time_penalty|full_suboptimal,time_penalty,full_suboptimal,full_suboptimal,Full Suboptimal,manual,0,18.388,4,4,13.051990428540352,0,1102.7999999821186,ai|manual,False,False,
33,12,2,1,4,time_penalty|full_suboptimal,time_penalty,full_suboptimal,full_suboptimal,Full Suboptimal,manual,0,18.850200000047685,3,4,9.548970302678203,0,1085.5,ai|manual,False,False,
33,13,2,1,5,time_penalty|full_suboptimal,time_penalty,full_suboptimal,full_suboptimal,Full Suboptimal,manual,0,14.318200000017882,2,4,8.380941738476215,0,1844.199999988079,ai|manual,False,False,
33,14,2,1,6,time_penalty|full_suboptimal,time_penalty,full_suboptimal,full_suboptimal,Full Suboptimal,manual,0,21.99820000001788,3,4,8.182487658074464,0,821.6999999880791,ai|manual,False,False,
33,15,2,1,7,time_penalty|full_suboptimal,time_penalty,full_suboptimal,full_suboptimal,Full Suboptimal,manual,0,19.76269999998808,3,4,9.10806721754156,0,893.5999999940395,ai|manual,False,False,
33,16,2,1,8,time_penalty|full_suboptimal,time_penalty,full_suboptimal,full_suboptimal,Full Suboptimal,manual,0,17.9495000000298,2,4,6.685422992272808,0,1145.800000011921,ai|manual,False,False,
34,1,1,0,1,time_penalty|full_suboptimal,time_penalty,full_suboptimal,time_penalty,Time Penalty,ai,1,119.88640000003576,3,4,1.501421345539997,0,6482.5,manual|ai,True,False,11.0
34,2,1,0,2,time_penalty|full_suboptimal,time_penalty,full_suboptimal,time_penalty,Time Penalty,ai,1,89.818,4,4,2.6720701863768954,0,660.6000000238419,manual|ai,True,False,11.0
34,3,1,0,3,time_penalty|full_suboptimal,time_penalty,full_suboptimal,time_penalty,Time Penalty,ai,1,73.30509999996424,2,4,1.6369938790078526,0,631.0999999642372,manual|ai,True,False,9.0
34,4,1,0,4,time_penalty|full_suboptimal,time_penalty,full_suboptimal,time_penalty,Time Penalty,manual,0,40.01360000002384,3,4,4.498470520020511,0,1064.0999999642372,manual|ai,True,False,
34,5,1,0,5,time_penalty|full_suboptimal,time_penalty,full_suboptimal,time_penalty,Time Penalty,manual,0,17.73130000001192,4,4,13.535386576271264,0,842.4000000357628,manual|ai,True,False,
34,6,1,0,6,time_penalty|full_suboptimal,time_penalty,full_suboptimal,time_penalty,Time Penalty,manual,0,18.0895,4,4,13.267365046021173,0,690.3000000119209,manual|ai,True,False,
34,7,1,0,7,time_penalty|full_suboptimal,time_penalty,full_suboptimal,time_penalty,Time Penalty,manual,0,23.33980000001192,4,4,10.28286446327207,0,604.6000000238419,manual|ai,True,False,
34,8,1,0,8,time_penalty|full_suboptimal,time_penalty,full_suboptimal,time_penalty,Time Penalty,manual,0,20.08150000005961,4,4,11.951298458744995,0,543.5,manual|ai,True,False,
34,9,2,1,1,time_penalty|full_suboptimal,time_penalty,full_suboptimal,full_suboptimal,Full Suboptimal,manual,0,54.45280000001192,4,4,4.407486850996596,0,1355.300000011921,manual|ai,True,False,
34,10,2,1,2,time_penalty|full_suboptimal,time_penalty,full_suboptimal,full_suboptimal,Full Suboptimal,manual,0,32.833400000035766,3,4,5.4822223711161175,0,1824.7000000476835,manual|ai,True,False,
34,11,2,1,3,time_penalty|full_suboptimal,time_penalty,full_suboptimal,full_suboptimal,Full Suboptimal,manual,0,14.0215,3,4,12.837428235210211,0,689.8000000119209,manual|ai,True,False,
34,12,2,1,4,time_penalty|full_suboptimal,time_penalty,full_suboptimal,full_suboptimal,Full Suboptimal,manual,0,25.65939999997616,3,4,7.014973070304342,0,2482.699999988079,manual|ai,True,False,
34,13,2,1,5,time_penalty|full_suboptimal,time_penalty,full_suboptimal,full_suboptimal,Full Suboptimal,ai,1,87.10630000001193,2,4,1.3776271061907528,1,555.1999999880791,manual|ai,True,False,24.0
34,14,2,1,6,time_penalty|full_suboptimal,time_penalty,full_suboptimal,full_suboptimal,Full Suboptimal,manual,0,22.89140000003576,4,4,10.484286675328947,0,614.6000000238419,manual|ai,True,False,
34,15,2,1,7,time_penalty|full_suboptimal,time_penalty,full_suboptimal,full_suboptimal,Full Suboptimal,manual,0,31.0355,3,4,5.799809895120105,0,521.0,manual|ai,True,False,
34,16,2,1,8,time_penalty|full_suboptimal,time_penalty,full_suboptimal,full_suboptimal,Full Suboptimal,manual,0,26.347899999976157,4,4,9.10888533811868,0,1220.100000023842,manual|ai,True,False,
35,1,1,0,1,effort_penalty|full_suboptimal,effort_penalty,full_suboptimal,effort_penalty,Effort Penalty,manual,0,23.52840000000596,3,4,7.650328964143521,0,2581.699999988079,ai|manual,False,False,
35,2,1,0,2,effort_penalty|full_suboptimal,effort_penalty,full_suboptimal,effort_penalty,Effort Penalty,ai,1,56.26019999998808,3,4,3.199419838536623,1,1382.800000011921,ai|manual,False,False,25.0
35,3,1,0,3,effort_penalty|full_suboptimal,effort_penalty,full_suboptimal,effort_penalty,Effort Penalty,manual,0,24.5280000000298,3,4,7.338551859090888,0,749.9000000059605,ai|manual,False,False,
35,4,1,0,4,effort_penalty|full_suboptimal,effort_penalty,full_suboptimal,effort_penalty,Effort Penalty,manual,0,29.24519999998808,2,4,4.103237454353156,0,933.2999999821186,ai|manual,False,False,
35,5,1,0,5,effort_penalty|full_suboptimal,effort_penalty,full_suboptimal,effort_penalty,Effort Penalty,ai,1,45.93729999998211,3,4,3.9183844065730913,1,765.9000000059605,ai|manual,False,False,21.0
35,6,1,0,6,effort_penalty|full_suboptimal,effort_penalty,full_suboptimal,effort_penalty,Effort Penalty,manual,0,27.7645000000298,4,4,8.644131895036553,0,816.1999999880791,ai|manual,False,False,
35,7,1,0,7,effort_penalty|full_suboptimal,effort_penalty,full_suboptimal,effort_penalty,Effort Penalty,manual,0,27.103800000011923,1,4,2.213711730457486,0,683.5999999940395,ai|manual,False,False,
35,8,1,0,8,effort_penalty|full_suboptimal,effort_penalty,full_suboptimal,effort_penalty,Effort Penalty,manual,0,26.2565,4,4,9.14059375773618,0,1499.0999999940395,ai|manual,False,False,
35,9,2,1,1,effort_penalty|full_suboptimal,effort_penalty,full_suboptimal,full_suboptimal,Full Suboptimal,ai,1,61.81960000002384,3,4,2.9116979081056913,1,1115.5,ai|manual,False,False,12.0
35,10,2,1,2,effort_penalty|full_suboptimal,effort_penalty,full_suboptimal,full_suboptimal,Full Suboptimal,manual,0,23.243,4,4,10.325689454889645,0,699.5,ai|manual,False,False,
35,11,2,1,3,effort_penalty|full_suboptimal,effort_penalty,full_suboptimal,full_suboptimal,Full Suboptimal,manual,0,24.2199999999702,3,4,7.43187448390675,0,599.5,ai|manual,False,False,
35,12,2,1,4,effort_penalty|full_suboptimal,effort_penalty,full_suboptimal,full_suboptimal,Full Suboptimal,manual,0,20.310500000059605,4,4,11.81654809085427,0,1116.4000000059605,ai|manual,False,False,
35,13,2,1,5,effort_penalty|full_suboptimal,effort_penalty,full_suboptimal,full_suboptimal,Full Suboptimal,manual,0,22.409400000035763,4,4,10.70979142679487,0,1183.0,ai|manual,False,False,
35,14,2,1,6,effort_penalty|full_suboptimal,effort_penalty,full_suboptimal,full_suboptimal,Full Suboptimal,manual,0,28.7735000000298,4,4,8.341008219359876,0,1149.800000011921,ai|manual,False,False,
35,15,2,1,7,effort_penalty|full_suboptimal,effort_penalty,full_suboptimal,full_suboptimal,Full Suboptimal,manual,0,29.59169999998808,2,4,4.055191151574541,0,1099.399999976158,ai|manual,False,False,
35,16,2,1,8,effort_penalty|full_suboptimal,effort_penalty,full_suboptimal,full_suboptimal,Full Suboptimal,manual,0,23.354999999970197,3,4,7.707129094422166,0,1233.0999999940395,ai|manual,False,False,
36,1,1,0,1,full_suboptimal|full_suboptimal,full_suboptimal,full_suboptimal,full_suboptimal,Full Suboptimal,manual,0,24.10560000000149,4,4,9.95619275189106,0,3322.20000000298,manual|ai,True,False,
36,2,1,0,2,full_suboptimal|full_suboptimal,full_suboptimal,full_suboptimal,full_suboptimal,Full Suboptimal,ai,1,92.75020000000298,3,4,1.9406966238347112,1,1658.0,manual|ai,True,False,17.0
36,3,1,0,3,full_suboptimal|full_suboptimal,full_suboptimal,full_suboptimal,full_suboptimal,Full Suboptimal,manual,0,25.61660000000149,2,4,4.6844624188999715,0,1074.5,manual|ai,True,False,
36,4,1,0,4,full_suboptimal|full_suboptimal,full_suboptimal,full_suboptimal,full_suboptimal,Full Suboptimal,manual,0,25.80339999999851,4,4,9.301099855058398,0,1348.7000000029802,manual|ai,True,False,
36,5,1,0,5,full_suboptimal|full_suboptimal,full_suboptimal,full_suboptimal,full_suboptimal,Full Suboptimal,manual,0,29.01830000000447,3,4,6.202982256023692,0,694.0,manual|ai,True,False,
36,6,1,0,6,full_suboptimal|full_suboptimal,full_suboptimal,full_suboptimal,full_suboptimal,Full Suboptimal,manual,0,34.61139999999851,4,4,6.934131528918516,0,1084.9000000022352,manual|ai,True,False,
36,7,1,0,7,full_suboptimal|full_suboptimal,full_suboptimal,full_suboptimal,full_suboptimal,Full Suboptimal,ai,1,60.995400000002235,4,4,3.934722946320398,1,1156.4000000022352,manual|ai,True,False,14.0
36,8,1,0,8,full_suboptimal|full_suboptimal,full_suboptimal,full_suboptimal,full_suboptimal,Full Suboptimal,manual,0,20.866699999999256,4,4,11.50157907096036,0,1045.39999999851,manual|ai,True,False,
36,9,2,1,1,full_suboptimal|full_suboptimal,full_suboptimal,full_suboptimal,full_suboptimal,Full Suboptimal,manual,0,29.21460000000149,4,4,8.215070546917904,0,1611.39999999851,manual|ai,True,False,
36,10,2,1,2,full_suboptimal|full_suboptimal,full_suboptimal,full_suboptimal,full_suboptimal,Full Suboptimal,ai,1,68.96040000000596,4,4,3.4802582351607483,1,517.0,manual|ai,True,False,21.0
36,11,2,1,3,full_suboptimal|full_suboptimal,full_suboptimal,full_suboptimal,full_suboptimal,Full Suboptimal,manual,0,22.984600000005216,4,4,10.441774057409985,0,549.1999999992549,manual|ai,True,False,
36,12,2,1,4,full_suboptimal|full_suboptimal,full_suboptimal,full_suboptimal,full_suboptimal,Full Suboptimal,manual,0,28.29419999999553,3,4,6.3617278452837835,0,882.8000000007451,manual|ai,True,False,
36,13,2,1,5,full_suboptimal|full_suboptimal,full_suboptimal,full_suboptimal,full_suboptimal,Full Suboptimal,manual,0,16.76290000000596,3,4,10.737998794954096,0,667.5,manual|ai,True,False,
36,14,2,1,6,full_suboptimal|full_suboptimal,full_suboptimal,full_suboptimal,full_suboptimal,Full Suboptimal,manual,0,14.875699999995527,3,4,12.100270911624602,0,1055.7999999970198,manual|ai,True,False,
36,15,2,1,7,full_suboptimal|full_suboptimal,full_suboptimal,full_suboptimal,full_suboptimal,Full Suboptimal,manual,0,11.229200000006706,3,4,16.029637017765513,0,668.3000000007451,manual|ai,True,False,
36,16,2,1,8,full_suboptimal|full_suboptimal,full_suboptimal,full_suboptimal,full_suboptimal,Full Suboptimal,manual,0,16.85129999999702,4,4,14.24222463549058,0,752.7000000029802,manual|ai,True,False,
37,1,1,0,1,time_penalty|full_suboptimal,time_penalty,full_suboptimal,time_penalty,Time Penalty,manual,0,17.28310000014305,3,4,10.414798271057284,0,3126.1999999284744,manual|ai,True,False,
37,2,1,0,2,time_penalty|full_suboptimal,time_penalty,full_suboptimal,time_penalty,Time Penalty,manual,0,17.845199999928475,3,4,10.086746015775752,0,1754.399999976158,manual|ai,True,False,
37,3,1,0,3,time_penalty|full_suboptimal,time_penalty,full_suboptimal,time_penalty,Time Penalty,manual,0,29.23339999985695,4,4,8.209787434960505,0,1280.0999999046326,manual|ai,True,False,
37,4,1,0,4,time_penalty|full_suboptimal,time_penalty,full_suboptimal,time_penalty,Time Penalty,manual,0,16.673799999833108,2,4,7.196919718432578,0,1183.5999999046326,manual|ai,True,False,
37,5,1,0,5,time_penalty|full_suboptimal,time_penalty,full_suboptimal,time_penalty,Time Penalty,ai,1,62.28519999992847,3,4,2.889932118708886,0,750.3000000715256,manual|ai,True,False,6.0
37,6,1,0,6,time_penalty|full_suboptimal,time_penalty,full_suboptimal,time_penalty,Time Penalty,manual,0,16.988900000095366,3,4,10.595153305922668,0,1266.399999976158,manual|ai,True,False,
37,7,1,0,7,time_penalty|full_suboptimal,time_penalty,full_suboptimal,time_penalty,Time Penalty,manual,0,19.334099999785423,4,4,12.41330085200054,0,1012.100000023842,manual|ai,True,False,
37,8,1,0,8,time_penalty|full_suboptimal,time_penalty,full_suboptimal,time_penalty,Time Penalty,manual,0,25.309100000023843,3,4,7.1120664108889855,0,1186.7000000476835,manual|ai,True,False,
37,9,2,1,1,time_penalty|full_suboptimal,time_penalty,full_suboptimal,full_suboptimal,Full Suboptimal,manual,0,26.562200000047685,3,4,6.776547123343581,0,939.2999999523164,manual|ai,True,False,
37,10,2,1,2,time_penalty|full_suboptimal,time_penalty,full_suboptimal,full_suboptimal,Full Suboptimal,manual,0,20.07660000002384,3,4,8.965661516381571,0,1121.0,manual|ai,True,False,
37,11,2,1,3,time_penalty|full_suboptimal,time_penalty,full_suboptimal,full_suboptimal,Full Suboptimal,manual,0,15.330100000023842,3,4,11.74160638219712,0,854.7999999523163,manual|ai,True,False,
37,12,2,1,4,time_penalty|full_suboptimal,time_penalty,full_suboptimal,full_suboptimal,Full Suboptimal,manual,0,15.614700000047684,3,4,11.527598993221153,0,890.1000000238419,manual|ai,True,False,
37,13,2,1,5,time_penalty|full_suboptimal,time_penalty,full_suboptimal,full_suboptimal,Full Suboptimal,manual,0,15.88550000011921,2,4,7.55405873274996,0,759.5999999046326,manual|ai,True,False,
37,14,2,1,6,time_penalty|full_suboptimal,time_penalty,full_suboptimal,full_suboptimal,Full Suboptimal,ai,1,66.84039999997616,3,4,2.692982088677869,1,1765.2000000476835,manual|ai,True,False,20.0
37,15,2,1,7,time_penalty|full_suboptimal,time_penalty,full_suboptimal,full_suboptimal,Full Suboptimal,manual,0,12.89199999988079,4,4,18.616196090770963,0,490.2000000476837,manual|ai,True,False,
37,16,2,1,8,time_penalty|full_suboptimal,time_penalty,full_suboptimal,full_suboptimal,Full Suboptimal,manual,0,16.221299999952315,3,4,11.096521240623694,0,800.7999999523163,manual|ai,True,False,
38,1,1,0,1,full_suboptimal|full_suboptimal,full_suboptimal,full_suboptimal,full_suboptimal,Full Suboptimal,ai,1,150.25920000000113,3,4,1.1979299769997354,1,2056.89999999851,ai|manual,False,False,28.0
38,2,1,0,2,full_suboptimal|full_suboptimal,full_suboptimal,full_suboptimal,full_suboptimal,Full Suboptimal,manual,0,30.296700000001117,3,4,5.94124112527085,0,3730.2999999988824,ai|manual,False,False,
38,3,1,0,3,full_suboptimal|full_suboptimal,full_suboptimal,full_suboptimal,full_suboptimal,Full Suboptimal,ai,1,66.16839999999851,2,4,1.81355450638073,1,1431.5999999996277,ai|manual,False,False,18.0
38,4,1,0,4,full_suboptimal|full_suboptimal,full_suboptimal,full_suboptimal,full_suboptimal,Full Suboptimal,manual,0,16.91709999999963,3,4,10.640121533832865,0,1253.199999999255,ai|manual,False,False,
38,5,1,0,5,full_suboptimal|full_suboptimal,full_suboptimal,full_suboptimal,full_suboptimal,Full Suboptimal,manual,0,18.91859999999963,2,4,6.342964067108684,0,877.5,ai|manual,False,False,
38,6,1,0,6,full_suboptimal|full_suboptimal,full_suboptimal,full_suboptimal,full_suboptimal,Full Suboptimal,manual,0,33.412099999999626,2,4,3.591513254180412,0,826.9000000003725,ai|manual,False,False,
38,7,1,0,7,full_suboptimal|full_suboptimal,full_suboptimal,full_suboptimal,full_suboptimal,Full Suboptimal,manual,0,17.143,4,4,13.999883334305547,0,3962.800000000745,ai|manual,False,False,
38,8,1,0,8,full_suboptimal|full_suboptimal,full_suboptimal,full_suboptimal,full_suboptimal,Full Suboptimal,manual,0,17.584,3,4,10.236578707916289,0,955.8000000007452,ai|manual,False,False,
38,9,2,1,1,full_suboptimal|full_suboptimal,full_suboptimal,full_suboptimal,full_suboptimal,Full Suboptimal,manual,0,18.467599999999628,4,4,12.995733067643052,0,1115.0,ai|manual,False,False,
38,10,2,1,2,full_suboptimal|full_suboptimal,full_suboptimal,full_suboptimal,full_suboptimal,Full Suboptimal,manual,0,21.701699999999256,3,4,8.294281093186532,0,33.69999999925494,ai|manual,False,False,
38,11,2,1,3,full_suboptimal|full_suboptimal,full_suboptimal,full_suboptimal,full_suboptimal,Full Suboptimal,manual,0,20.309000000001863,3,4,8.863065635924146,0,1391.699999999255,ai|manual,False,False,
38,12,2,1,4,full_suboptimal|full_suboptimal,full_suboptimal,full_suboptimal,full_suboptimal,Full Suboptimal,manual,0,14.039099999999628,3,4,12.821334700942709,0,2399.0999999996275,ai|manual,False,False,
38,13,2,1,5,full_suboptimal|full_suboptimal,full_suboptimal,full_suboptimal,full_suboptimal,Full Suboptimal,manual,0,14.991499999998137,2,4,8.004535903679747,0,791.9000000003725,ai|manual,False,False,
38,14,2,1,6,full_suboptimal|full_suboptimal,full_suboptimal,full_suboptimal,full_suboptimal,Full Suboptimal,manual,0,14.75539999999851,3,4,12.198923783836303,0,1033.699999999255,ai|manual,False,False,
38,15,2,1,7,full_suboptimal|full_suboptimal,full_suboptimal,full_suboptimal,full_suboptimal,Full Suboptimal,manual,0,13.244599999999627,3,4,13.590444407532509,0,995.5999999996276,ai|manual,False,False,
38,16,2,1,8,full_suboptimal|full_suboptimal,full_suboptimal,full_suboptimal,full_suboptimal,Full Suboptimal,manual,0,17.29439999999851,2,4,6.93866222592344,0,1397.9000000003723,ai|manual,False,False,
39,1,1,0,1,time_penalty|full_suboptimal,time_penalty,full_suboptimal,time_penalty,Time Penalty,manual,0,17.477,4,4,13.7323339245866,0,3026.0,ai|manual,False,False,
39,2,1,0,2,time_penalty|full_suboptimal,time_penalty,full_suboptimal,time_penalty,Time Penalty,manual,0,20.612,4,4,11.643702697457792,0,1066.0,ai|manual,False,False,
39,3,1,0,3,time_penalty|full_suboptimal,time_penalty,full_suboptimal,time_penalty,Time Penalty,manual,0,20.498,2,4,5.854229680944482,0,2018.0,ai|manual,False,False,
39,4,1,0,4,time_penalty|full_suboptimal,time_penalty,full_suboptimal,time_penalty,Time Penalty,ai,1,64.97,4,4,3.694012621209789,0,531.0,ai|manual,False,False,8.0
39,5,1,0,5,time_penalty|full_suboptimal,time_penalty,full_suboptimal,time_penalty,Time Penalty,manual,0,18.74,3,4,9.6051227321238,0,454.0,ai|manual,False,False,
39,6,1,0,6,time_penalty|full_suboptimal,time_penalty,full_suboptimal,time_penalty,Time Penalty,manual,0,14.784,1,4,4.058441558441558,0,519.0,ai|manual,False,False,
39,7,1,0,7,time_penalty|full_suboptimal,time_penalty,full_suboptimal,time_penalty,Time Penalty,manual,0,12.942,4,4,18.544274455261935,0,686.0,ai|manual,False,False,
39,8,1,0,8,time_penalty|full_suboptimal,time_penalty,full_suboptimal,time_penalty,Time Penalty,manual,0,12.374,3,4,14.54663003070955,0,508.0,ai|manual,False,False,
39,9,2,1,1,time_penalty|full_suboptimal,time_penalty,full_suboptimal,full_suboptimal,Full Suboptimal,manual,0,15.313,3,4,11.754718213282832,0,1073.0,ai|manual,False,False,
39,10,2,1,2,time_penalty|full_suboptimal,time_penalty,full_suboptimal,full_suboptimal,Full Suboptimal,manual,0,13.332,4,4,18.001800180018,0,677.0,ai|manual,False,False,
39,11,2,1,3,time_penalty|full_suboptimal,time_penalty,full_suboptimal,full_suboptimal,Full Suboptimal,manual,0,13.073,2,4,9.179224355541956,0,582.0,ai|manual,False,False,
39,12,2,1,4,time_penalty|full_suboptimal,time_penalty,full_suboptimal,full_suboptimal,Full Suboptimal,manual,0,14.62,4,4,16.415868673050618,0,852.0,ai|manual,False,False,
39,13,2,1,5,time_penalty|full_suboptimal,time_penalty,full_suboptimal,full_suboptimal,Full Suboptimal,manual,0,13.687,4,4,17.53488711916417,0,702.0,ai|manual,False,False,
39,14,2,1,6,time_penalty|full_suboptimal,time_penalty,full_suboptimal,full_suboptimal,Full Suboptimal,manual,0,11.684,4,4,20.54091064703869,0,489.0,ai|manual,False,False,
39,15,2,1,7,time_penalty|full_suboptimal,time_penalty,full_suboptimal,full_suboptimal,Full Suboptimal,manual,0,16.46,3,4,10.935601458080194,0,420.0,ai|manual,False,False,
39,16,2,1,8,time_penalty|full_suboptimal,time_penalty,full_suboptimal,full_suboptimal,Full Suboptimal,manual,0,13.765,4,4,17.435524881946968,0,814.0,ai|manual,False,False,
40,1,1,0,1,effort_penalty|full_suboptimal,effort_penalty,full_suboptimal,effort_penalty,Effort Penalty,ai,1,83.94240000000224,3,4,2.144327538883749,1,2636.10000000149,ai|manual,False,False,22.0
40,2,1,0,2,effort_penalty|full_suboptimal,effort_penalty,full_suboptimal,effort_penalty,Effort Penalty,manual,0,38.155099999997766,1,4,1.5725289672941103,0,2203.199999999255,ai|manual,False,False,
40,3,1,0,3,effort_penalty|full_suboptimal,effort_penalty,full_suboptimal,effort_penalty,Effort Penalty,ai,1,67.05539999999851,4,4,3.579130092431114,1,2521.0,ai|manual,False,False,15.0
40,4,1,0,4,effort_penalty|full_suboptimal,effort_penalty,full_suboptimal,effort_penalty,Effort Penalty,ai,1,44.384,4,4,5.407354001441961,1,1767.9000000022352,ai|manual,False,False,15.0
40,5,1,0,5,effort_penalty|full_suboptimal,effort_penalty,full_suboptimal,effort_penalty,Effort Penalty,ai,1,57.310199999999256,4,4,4.187736214495903,1,2019.89999999851,ai|manual,False,False,14.0
40,6,1,0,6,effort_penalty|full_suboptimal,effort_penalty,full_suboptimal,effort_penalty,Effort Penalty,manual,0,28.501399999998508,4,4,8.420638986155506,0,3364.099999997765,ai|manual,False,False,
40,7,1,0,7,effort_penalty|full_suboptimal,effort_penalty,full_suboptimal,effort_penalty,Effort Penalty,ai,1,31.377099999997764,3,4,5.736667824624099,1,2756.89999999851,ai|manual,False,False,11.0
40,8,1,0,8,effort_penalty|full_suboptimal,effort_penalty,full_suboptimal,effort_penalty,Effort Penalty,ai,1,61.45809999999404,3,4,2.9288246789278785,1,4719.5,ai|manual,False,False,16.0
40,9,2,1,1,effort_penalty|full_suboptimal,effort_penalty,full_suboptimal,full_suboptimal,Full Suboptimal,ai,1,114.22949999999628,4,4,2.1010334458262343,1,2423.699999999255,ai|manual,False,False,16.0
40,10,2,1,2,effort_penalty|full_suboptimal,effort_penalty,full_suboptimal,full_suboptimal,Full Suboptimal,manual,0,31.74729999999702,3,4,5.669773492549505,0,1235.5,ai|manual,False,False,
40,11,2,1,3,effort_penalty|full_suboptimal,effort_penalty,full_suboptimal,full_suboptimal,Full Suboptimal,manual,0,25.055599999997764,3,4,7.184022733441469,0,3034.79999999702,ai|manual,False,False,
40,12,2,1,4,effort_penalty|full_suboptimal,effort_penalty,full_suboptimal,full_suboptimal,Full Suboptimal,ai,1,82.99789999999851,4,4,2.8916394270216994,1,1115.0999999977648,ai|manual,False,False,15.0
40,13,2,1,5,effort_penalty|full_suboptimal,effort_penalty,full_suboptimal,full_suboptimal,Full Suboptimal,ai,1,78.6025,3,4,2.290003498616456,1,2059.800000000745,ai|manual,False,False,17.0
40,14,2,1,6,effort_penalty|full_suboptimal,effort_penalty,full_suboptimal,full_suboptimal,Full Suboptimal,manual,0,24.204999999996275,4,4,9.915306754804252,0,1200.0,ai|manual,False,False,
40,15,2,1,7,effort_penalty|full_suboptimal,effort_penalty,full_suboptimal,full_suboptimal,Full Suboptimal,manual,0,15.873500000003723,4,4,15.119538854061403,0,1527.300000000745,ai|manual,False,False,
40,16,2,1,8,effort_penalty|full_suboptimal,effort_penalty,full_suboptimal,full_suboptimal,Full Suboptimal,manual,0,24.694699999999255,3,4,7.289013432032195,0,1504.0,ai|manual,False,False,
41,1,1,0,1,effort_penalty|full_suboptimal,effort_penalty,full_suboptimal,effort_penalty,Effort Penalty,manual,0,27.33239999985695,4,4,8.780787636696964,0,2462.8000000715256,ai|manual,False,False,
41,2,1,0,2,effort_penalty|full_suboptimal,effort_penalty,full_suboptimal,effort_penalty,Effort Penalty,manual,0,29.05510000002384,3,4,6.195125812674962,0,8632.399999976158,ai|manual,False,False,
41,3,1,0,3,effort_penalty|full_suboptimal,effort_penalty,full_suboptimal,effort_penalty,Effort Penalty,manual,0,24.468299999952315,4,4,9.80860950701388,0,27061.89999997616,ai|manual,False,False,
41,4,1,0,4,effort_penalty|full_suboptimal,effort_penalty,full_suboptimal,effort_penalty,Effort Penalty,manual,0,29.135699999809265,1,4,2.05932927646814,0,3826.899999976158,ai|manual,False,False,
41,5,1,0,5,effort_penalty|full_suboptimal,effort_penalty,full_suboptimal,effort_penalty,Effort Penalty,ai,1,44.180899999976155,3,4,4.074158742807348,1,501.60000002384186,ai|manual,False,False,15.0
41,6,1,0,6,effort_penalty|full_suboptimal,effort_penalty,full_suboptimal,effort_penalty,Effort Penalty,manual,0,19.7137999997139,3,4,9.130659741024678,0,1048.0,ai|manual,False,False,
41,7,1,0,7,effort_penalty|full_suboptimal,effort_penalty,full_suboptimal,effort_penalty,Effort Penalty,manual,0,37.173,4,4,6.4562989266403035,0,670.2999999523163,ai|manual,False,False,
41,8,1,0,8,effort_penalty|full_suboptimal,effort_penalty,full_suboptimal,effort_penalty,Effort Penalty,manual,0,20.886799999952316,4,4,11.490510753229213,0,12616.0,ai|manual,False,False,
41,9,2,1,1,effort_penalty|full_suboptimal,effort_penalty,full_suboptimal,full_suboptimal,Full Suboptimal,manual,0,25.364299999952316,3,4,7.09658851221356,0,54648.0,ai|manual,False,False,
41,10,2,1,2,effort_penalty|full_suboptimal,effort_penalty,full_suboptimal,full_suboptimal,Full Suboptimal,manual,0,19.207499999880792,4,4,12.495119094181415,0,854.1000000238419,ai|manual,False,False,
41,11,2,1,3,effort_penalty|full_suboptimal,effort_penalty,full_suboptimal,full_suboptimal,Full Suboptimal,manual,0,18.28550000011921,3,4,9.843865357732986,0,1123.899999976158,ai|manual,False,False,
41,12,2,1,4,effort_penalty|full_suboptimal,effort_penalty,full_suboptimal,full_suboptimal,Full Suboptimal,manual,0,19.56310000002384,3,4,9.200995752195748,0,729.7000000476837,ai|manual,False,False,
41,13,2,1,5,effort_penalty|full_suboptimal,effort_penalty,full_suboptimal,full_suboptimal,Full Suboptimal,manual,0,16.27510000002384,3,4,11.059839878079789,0,837.2999999523163,ai|manual,False,False,
41,14,2,1,6,effort_penalty|full_suboptimal,effort_penalty,full_suboptimal,full_suboptimal,Full Suboptimal,manual,0,39.17769999992847,4,4,6.125933885869721,0,782.2000000476837,ai|manual,False,False,
41,15,2,1,7,effort_penalty|full_suboptimal,effort_penalty,full_suboptimal,full_suboptimal,Full Suboptimal,manual,0,19.839699999928474,4,4,12.096957111290251,0,463.89999997615814,ai|manual,False,False,
41,16,2,1,8,effort_penalty|full_suboptimal,effort_penalty,full_suboptimal,full_suboptimal,Full Suboptimal,manual,0,18.57719999992847,4,4,12.919062076143016,0,732.8999999761581,ai|manual,False,False,
42,1,1,0,1,optimal|full_suboptimal,optimal,full_suboptimal,optimal,Optimal,ai,1,43.03310000014305,3,4,4.182826707799383,0,8022.799999952316,ai|manual,False,False,0.0
42,2,1,0,2,optimal|full_suboptimal,optimal,full_suboptimal,optimal,Optimal,ai,1,50.0835,2,4,2.395998682200725,0,1612.0,ai|manual,False,False,6.0
42,3,1,0,3,optimal|full_suboptimal,optimal,full_suboptimal,optimal,Optimal,ai,1,43.34129999995232,2,4,2.7687217503889365,0,1142.899999976158,ai|manual,False,False,0.0
42,4,1,0,4,optimal|full_suboptimal,optimal,full_suboptimal,optimal,Optimal,ai,1,61.491700000047686,3,4,2.927224324581373,0,1287.8000000715256,ai|manual,False,False,6.0
42,5,1,0,5,optimal|full_suboptimal,optimal,full_suboptimal,optimal,Optimal,ai,1,54.16409999990464,3,4,3.3232343932663317,0,1280.1999999284744,ai|manual,False,False,5.0
42,6,1,0,6,optimal|full_suboptimal,optimal,full_suboptimal,optimal,Optimal,ai,1,48.76610000002384,3,4,3.6910886866063106,0,807.3999999761581,ai|manual,False,False,2.0
42,7,1,0,7,optimal|full_suboptimal,optimal,full_suboptimal,optimal,Optimal,ai,1,52.409300000071525,4,4,4.579339926304539,0,1243.7000000476835,ai|manual,False,False,7.0
42,8,1,0,8,optimal|full_suboptimal,optimal,full_suboptimal,optimal,Optimal,ai,1,79.45720000004768,4,4,3.0204940521419834,0,1295.2000000476835,ai|manual,False,False,9.0
42,9,2,1,1,optimal|full_suboptimal,optimal,full_suboptimal,full_suboptimal,Full Suboptimal,ai,1,71.61320000004768,2,4,1.6756687314617988,1,16047.700000047684,ai|manual,False,False,8.0
42,10,2,1,2,optimal|full_suboptimal,optimal,full_suboptimal,full_suboptimal,Full Suboptimal,ai,1,109.15989999997616,3,4,1.6489571720021663,1,1743.9000000953674,ai|manual,False,False,17.0
42,11,2,1,3,optimal|full_suboptimal,optimal,full_suboptimal,full_suboptimal,Full Suboptimal,ai,1,156.58679999995232,2,4,0.766348121297814,1,1503.3000000715256,ai|manual,False,False,24.0
42,12,2,1,4,optimal|full_suboptimal,optimal,full_suboptimal,full_suboptimal,Full Suboptimal,ai,1,105.23359999990464,2,4,1.1403202019137306,1,1015.8000000715256,ai|manual,False,False,18.0
42,13,2,1,5,optimal|full_suboptimal,optimal,full_suboptimal,full_suboptimal,Full Suboptimal,ai,1,128.487,2,4,0.9339466249503842,1,1295.9000000953674,ai|manual,False,False,21.0
42,14,2,1,6,optimal|full_suboptimal,optimal,full_suboptimal,full_suboptimal,Full Suboptimal,ai,1,109.2614999998808,3,4,1.6474238409704824,1,1207.5,ai|manual,False,False,21.0
42,15,2,1,7,optimal|full_suboptimal,optimal,full_suboptimal,full_suboptimal,Full Suboptimal,ai,1,76.3265,2,4,1.5721931439277317,1,1279.7999999523165,ai|manual,False,False,13.0
42,16,2,1,8,optimal|full_suboptimal,optimal,full_suboptimal,full_suboptimal,Full Suboptimal,ai,1,70.52220000004769,3,4,2.552387758746583,1,1167.6999999284744,ai|manual,False,False,14.0
43,1,1,0,1,optimal|full_suboptimal,optimal,full_suboptimal,optimal,Optimal,ai,1,21.03110000002384,2,4,5.7058356433978235,0,1531.699999988079,manual|ai,True,False,0.0
43,2,1,0,2,optimal|full_suboptimal,optimal,full_suboptimal,optimal,Optimal,ai,1,18.242299999952316,4,4,13.156235781706656,0,1201.5999999642372,manual|ai,True,False,1.0
43,3,1,0,3,optimal|full_suboptimal,optimal,full_suboptimal,optimal,Optimal,ai,1,20.90430000007153,2,4,5.740445745592505,0,1045.0,manual|ai,True,False,1.0
43,4,1,0,4,optimal|full_suboptimal,optimal,full_suboptimal,optimal,Optimal,ai,1,18.100900000035764,3,4,9.944256915382349,0,601.9000000357628,manual|ai,True,False,0.0
43,5,1,0,5,optimal|full_suboptimal,optimal,full_suboptimal,optimal,Optimal,ai,1,16.636,2,4,7.21327242125511,0,696.5,manual|ai,True,False,0.0
43,6,1,0,6,optimal|full_suboptimal,optimal,full_suboptimal,optimal,Optimal,ai,1,16.721900000035763,2,4,7.176218013487903,0,2726.899999976158,manual|ai,True,False,0.0
43,7,1,0,7,optimal|full_suboptimal,optimal,full_suboptimal,optimal,Optimal,ai,1,20.240100000083448,4,4,11.857648924610576,0,843.0,manual|ai,True,False,6.0
43,8,1,0,8,optimal|full_suboptimal,optimal,full_suboptimal,optimal,Optimal,ai,1,23.7915,3,4,7.565727255532439,0,1328.7999999523165,manual|ai,True,False,7.0
43,9,2,1,1,optimal|full_suboptimal,optimal,full_suboptimal,full_suboptimal,Full Suboptimal,ai,1,68.52120000004768,3,4,2.6269242219907816,1,928.6999999880792,manual|ai,True,False,23.0
43,10,2,1,2,optimal|full_suboptimal,optimal,full_suboptimal,full_suboptimal,Full Suboptimal,ai,1,52.71159999996424,4,4,4.553077500970618,1,1315.899999976158,manual|ai,True,False,13.0
43,11,2,1,3,optimal|full_suboptimal,optimal,full_suboptimal,full_suboptimal,Full Suboptimal,ai,1,58.02660000002384,2,4,2.0680170818202464,1,937.3000000119208,manual|ai,True,False,18.0
43,12,2,1,4,optimal|full_suboptimal,optimal,full_suboptimal,full_suboptimal,Full Suboptimal,ai,1,57.171899999976155,3,4,3.148399825789856,1,1181.4000000357628,manual|ai,True,False,23.0
43,13,2,1,5,optimal|full_suboptimal,optimal,full_suboptimal,full_suboptimal,Full Suboptimal,ai,1,60.920799999952315,2,4,1.969770587387131,1,654.4000000357628,manual|ai,True,False,19.0
43,14,2,1,6,optimal|full_suboptimal,optimal,full_suboptimal,full_suboptimal,Full Suboptimal,ai,1,51.21630000001192,3,4,3.514506124026103,1,613.1999999880791,manual|ai,True,False,13.0
43,15,2,1,7,optimal|full_suboptimal,optimal,full_suboptimal,full_suboptimal,Full Suboptimal,ai,1,48.29040000003576,4,4,4.969931911929126,1,734.7999999523163,manual|ai,True,False,14.0
43,16,2,1,8,optimal|full_suboptimal,optimal,full_suboptimal,full_suboptimal,Full Suboptimal,ai,1,56.022000000059606,3,4,3.2130234550678036,1,866.8000000119209,manual|ai,True,False,11.0
44,1,1,0,1,optimal|full_suboptimal,optimal,full_suboptimal,optimal,Optimal,ai,1,43.9795,4,4,5.457087961436578,0,1849.800000000745,ai|manual,False,False,0.0
44,2,1,0,2,optimal|full_suboptimal,optimal,full_suboptimal,optimal,Optimal,ai,1,33.89839999999479,3,4,5.3099851320424465,0,2782.5,ai|manual,False,False,2.0
44,3,1,0,3,optimal|full_suboptimal,optimal,full_suboptimal,optimal,Optimal,ai,1,33.85770000000298,3,4,5.316368211661872,0,1035.0,ai|manual,False,False,8.0
44,4,1,0,4,optimal|full_suboptimal,optimal,full_suboptimal,optimal,Optimal,ai,1,36.12290000000223,3,4,4.982988630480634,0,971.3000000007452,ai|manual,False,False,3.0
44,5,1,0,5,optimal|full_suboptimal,optimal,full_suboptimal,optimal,Optimal,ai,1,26.423,4,4,9.08299587480604,0,993.89999999851,ai|manual,False,False,0.0
44,6,1,0,6,optimal|full_suboptimal,optimal,full_suboptimal,optimal,Optimal,ai,1,24.51189999999851,4,4,9.791162659769933,0,1038.7000000029802,ai|manual,False,False,0.0
44,7,1,0,7,optimal|full_suboptimal,optimal,full_suboptimal,optimal,Optimal,ai,1,36.89929999999702,4,4,6.504188426339236,0,743.3999999985099,ai|manual,False,False,6.0
44,8,1,0,8,optimal|full_suboptimal,optimal,full_suboptimal,optimal,Optimal,ai,1,27.0885,3,4,6.644886206323717,0,783.3000000007451,ai|manual,False,False,2.0
44,9,2,1,1,optimal|full_suboptimal,optimal,full_suboptimal,full_suboptimal,Full Suboptimal,ai,1,60.211699999999254,2,4,1.9929681440650489,1,1388.5999999977648,ai|manual,False,False,8.0
44,10,2,1,2,optimal|full_suboptimal,optimal,full_suboptimal,full_suboptimal,Full Suboptimal,manual,0,19.550599999997765,3,4,9.206878561272829,0,776.9000000022352,ai|manual,False,False,
44,11,2,1,3,optimal|full_suboptimal,optimal,full_suboptimal,full_suboptimal,Full Suboptimal,ai,1,64.13860000000149,3,4,2.8064223416163716,1,1047.4000000022352,ai|manual,False,False,12.0
44,12,2,1,4,optimal|full_suboptimal,optimal,full_suboptimal,full_suboptimal,Full Suboptimal,manual,0,12.776400000002235,4,4,18.784634169246267,0,1457.10000000149,ai|manual,False,False,
44,13,2,1,5,optimal|full_suboptimal,optimal,full_suboptimal,full_suboptimal,Full Suboptimal,ai,1,53.163800000008195,2,4,2.2571749950150575,1,1076.199999999255,ai|manual,False,False,0.0
44,14,2,1,6,optimal|full_suboptimal,optimal,full_suboptimal,full_suboptimal,Full Suboptimal,manual,0,16.265699999999256,4,4,14.75497519319863,0,892.5,ai|manual,False,False,
44,15,2,1,7,optimal|full_suboptimal,optimal,full_suboptimal,full_suboptimal,Full Suboptimal,manual,0,15.02520000000298,4,4,15.97316508265796,0,1616.0,ai|manual,False,False,
44,16,2,1,8,optimal|full_suboptimal,optimal,full_suboptimal,full_suboptimal,Full Suboptimal,manual,0,11.86039999999851,4,4,20.235405213991953,0,704.8999999985099,ai|manual,False,False,
45,1,1,0,1,full_suboptimal|full_suboptimal,full_suboptimal,full_suboptimal,full_suboptimal,Full Suboptimal,ai,1,67.36929999995232,3,4,2.6718401408375536,1,4113.700000047684,ai|manual,False,False,2.0
45,2,1,0,2,full_suboptimal|full_suboptimal,full_suboptimal,full_suboptimal,full_suboptimal,Full Suboptimal,ai,1,57.052499999880794,3,4,3.154988826087833,1,5497.600000023842,ai|manual,False,False,0.0
45,3,1,0,3,full_suboptimal|full_suboptimal,full_suboptimal,full_suboptimal,full_suboptimal,Full Suboptimal,manual,0,18.910800000071525,3,4,9.518370454942106,0,1658.3000000715256,ai|manual,False,False,
45,4,1,0,4,full_suboptimal|full_suboptimal,full_suboptimal,full_suboptimal,full_suboptimal,Full Suboptimal,manual,0,14.516400000214576,3,4,12.399768537470676,0,1657.2000000476835,ai|manual,False,False,
45,5,1,0,5,full_suboptimal|full_suboptimal,full_suboptimal,full_suboptimal,full_suboptimal,Full Suboptimal,manual,0,16.74039999997616,4,4,14.336574992254771,0,1571.2999999523165,ai|manual,False,False,
45,6,1,0,6,full_suboptimal|full_suboptimal,full_suboptimal,full_suboptimal,full_suboptimal,Full Suboptimal,manual,0,16.825299999952318,4,4,14.26423303006069,0,1512.2000000476835,ai|manual,False,False,
45,7,1,0,7,full_suboptimal|full_suboptimal,full_suboptimal,full_suboptimal,full_suboptimal,Full Suboptimal,manual,0,15.604399999976158,3,4,11.535208018268888,0,1421.600000023842,ai|manual,False,False,
45,8,1,0,8,full_suboptimal|full_suboptimal,full_suboptimal,full_suboptimal,full_suboptimal,Full Suboptimal,manual,0,17.534099999904633,4,4,13.687614419976237,0,8793.899999976158,ai|manual,False,False,
45,9,2,1,1,full_suboptimal|full_suboptimal,full_suboptimal,full_suboptimal,full_suboptimal,Full Suboptimal,manual,0,26.461200000166897,4,4,9.069883451940438,0,1874.100000023842,ai|manual,False,False,
45,10,2,1,2,full_suboptimal|full_suboptimal,full_suboptimal,full_suboptimal,full_suboptimal,Full Suboptimal,manual,0,38.512799999952314,3,4,4.673770798285839,0,5257.400000095367,ai|manual,False,False,
45,11,2,1,3,full_suboptimal|full_suboptimal,full_suboptimal,full_suboptimal,full_suboptimal,Full Suboptimal,manual,0,18.6125,3,4,9.670920080591,0,7004.0,ai|manual,False,False,
45,12,2,1,4,full_suboptimal|full_suboptimal,full_suboptimal,full_suboptimal,full_suboptimal,Full Suboptimal,ai,1,55.58139999997616,3,4,3.2384934528471256,1,2856.5,ai|manual,False,False,0.0
45,13,2,1,5,full_suboptimal|full_suboptimal,full_suboptimal,full_suboptimal,full_suboptimal,Full Suboptimal,manual,0,31.05529999995232,3,4,5.796112096816851,0,1736.1999999284744,ai|manual,False,False,
45,14,2,1,6,full_suboptimal|full_suboptimal,full_suboptimal,full_suboptimal,full_suboptimal,Full Suboptimal,manual,0,27.417599999785423,3,4,6.565126050471548,0,1878.5,ai|manual,False,False,
45,15,2,1,7,full_suboptimal|full_suboptimal,full_suboptimal,full_suboptimal,full_suboptimal,Full Suboptimal,manual,0,15.358799999952316,3,4,11.719665598911298,0,2216.7999999523163,ai|manual,False,False,
45,16,2,1,8,full_suboptimal|full_suboptimal,full_suboptimal,full_suboptimal,full_suboptimal,Full Suboptimal,manual,0,20.975799999952315,3,4,8.581317518302482,0,2958.100000023842,ai|manual,False,False,
46,1,1,0,1,effort_penalty|full_suboptimal,effort_penalty,full_suboptimal,effort_penalty,Effort Penalty,ai,1,34.952,3,4,5.149919890135043,1,5371.400000035763,ai|manual,False,False,9.0
46,2,1,0,2,effort_penalty|full_suboptimal,effort_penalty,full_suboptimal,effort_penalty,Effort Penalty,manual,0,16.724599999964237,2,4,7.175059493216974,0,1505.0,ai|manual,False,False,
46,3,1,0,3,effort_penalty|full_suboptimal,effort_penalty,full_suboptimal,effort_penalty,Effort Penalty,ai,1,33.947399999916556,2,4,3.534880432678054,1,833.7999999523163,ai|manual,False,False,25.0
46,4,1,0,4,effort_penalty|full_suboptimal,effort_penalty,full_suboptimal,effort_penalty,Effort Penalty,ai,1,23.13619999998808,1,4,2.593338577641571,1,879.6999999880791,ai|manual,False,False,17.0
46,5,1,0,5,effort_penalty|full_suboptimal,effort_penalty,full_suboptimal,effort_penalty,Effort Penalty,ai,1,30.660200000047684,4,4,7.827737588131413,1,863.8000000119209,ai|manual,False,False,15.0
46,6,1,0,6,effort_penalty|full_suboptimal,effort_penalty,full_suboptimal,effort_penalty,Effort Penalty,ai,1,31.72989999997616,4,4,7.56384356711431,1,1156.899999976158,ai|manual,False,False,17.0
46,7,1,0,7,effort_penalty|full_suboptimal,effort_penalty,full_suboptimal,effort_penalty,Effort Penalty,ai,1,35.101199999988076,4,4,6.837373081264502,1,618.0999999642372,ai|manual,False,False,20.0
46,8,1,0,8,effort_penalty|full_suboptimal,effort_penalty,full_suboptimal,effort_penalty,Effort Penalty,ai,1,36.18139999997616,2,4,3.316621247383437,1,617.8999999761581,ai|manual,False,False,28.0
46,9,2,1,1,effort_penalty|full_suboptimal,effort_penalty,full_suboptimal,full_suboptimal,Full Suboptimal,ai,1,52.62729999989271,1,4,1.1400926895379837,1,1356.899999976158,ai|manual,False,False,11.0
46,10,2,1,2,effort_penalty|full_suboptimal,effort_penalty,full_suboptimal,full_suboptimal,Full Suboptimal,ai,1,57.43659999996424,3,4,3.133890237237442,1,749.5,ai|manual,False,False,17.0
46,11,2,1,3,effort_penalty|full_suboptimal,effort_penalty,full_suboptimal,full_suboptimal,Full Suboptimal,manual,0,15.859300000071526,2,4,7.566538245663982,0,1399.4000000357628,ai|manual,False,False,
46,12,2,1,4,effort_penalty|full_suboptimal,effort_penalty,full_suboptimal,full_suboptimal,Full Suboptimal,ai,1,58.17009999996424,4,4,4.125830968145964,1,521.8000000119209,ai|manual,False,False,12.0
46,13,2,1,5,effort_penalty|full_suboptimal,effort_penalty,full_suboptimal,full_suboptimal,Full Suboptimal,ai,1,63.90830000007153,3,4,2.8165355673644665,1,751.0,ai|manual,False,False,20.0
46,14,2,1,6,effort_penalty|full_suboptimal,effort_penalty,full_suboptimal,full_suboptimal,Full Suboptimal,manual,0,13.0195,3,4,13.825415722569993,0,1222.2999999523165,ai|manual,False,False,
46,15,2,1,7,effort_penalty|full_suboptimal,effort_penalty,full_suboptimal,full_suboptimal,Full Suboptimal,ai,1,54.75230000001192,3,4,3.2875331264615517,1,460.5,ai|manual,False,False,14.0
46,16,2,1,8,effort_penalty|full_suboptimal,effort_penalty,full_suboptimal,full_suboptimal,Full Suboptimal,ai,1,51.7134999999404,4,4,4.640954489645385,1,754.8000000119209,ai|manual,False,False,10.0
47,1,1,0,1,optimal|full_suboptimal,optimal,full_suboptimal,optimal,Optimal,ai,1,27.57319999999972,2,4,4.3520519925145145,0,2095.5,ai|manual,False,False,0.0
47,2,1,0,2,optimal|full_suboptimal,optimal,full_suboptimal,optimal,Optimal,ai,1,20.500999999999536,3,4,8.780059509292428,0,973.6000000000932,ai|manual,False,False,0.0
47,3,1,0,3,optimal|full_suboptimal,optimal,full_suboptimal,optimal,Optimal,ai,1,17.576299999999815,4,4,13.65475099992618,0,1068.8000000002794,ai|manual,False,False,0.0
47,4,1,0,4,optimal|full_suboptimal,optimal,full_suboptimal,optimal,Optimal,ai,1,42.946400000000374,3,4,4.1912709796397,0,640.8000000002794,ai|manual,False,False,10.0
47,5,1,0,5,optimal|full_suboptimal,optimal,full_suboptimal,optimal,Optimal,ai,1,20.475200000000186,4,4,11.721497225912216,0,869.5,ai|manual,False,False,7.0
47,6,1,0,6,optimal|full_suboptimal,optimal,full_suboptimal,optimal,Optimal,ai,1,23.94060000000056,4,4,10.024811408235148,0,642.0,ai|manual,False,False,6.0
47,7,1,0,7,optimal|full_suboptimal,optimal,full_suboptimal,optimal,Optimal,ai,1,17.218200000000188,4,4,13.938739241035496,0,569.0,ai|manual,False,False,6.0
47,8,1,0,8,optimal|full_suboptimal,optimal,full_suboptimal,optimal,Optimal,ai,1,16.32289999999991,4,4,14.703269639586184,0,579.0,ai|manual,False,False,3.0
47,9,2,1,1,optimal|full_suboptimal,optimal,full_suboptimal,full_suboptimal,Full Suboptimal,ai,1,138.56059999999962,3,4,1.2990705871654749,1,976.9000000003724,ai|manual,False,False,16.0
47,10,2,1,2,optimal|full_suboptimal,optimal,full_suboptimal,full_suboptimal,Full Suboptimal,ai,1,143.55050000000043,4,4,1.6718855037077491,1,661.7999999998137,ai|manual,False,False,12.0
47,11,2,1,3,optimal|full_suboptimal,optimal,full_suboptimal,full_suboptimal,Full Suboptimal,ai,1,101.4172999999998,0,4,0.0,1,463.0999999996274,ai|manual,False,False,11.0
47,12,2,1,4,optimal|full_suboptimal,optimal,full_suboptimal,full_suboptimal,Full Suboptimal,ai,1,56.43650000000093,2,4,2.1262835221886194,1,518.0,ai|manual,False,False,5.0
47,13,2,1,5,optimal|full_suboptimal,optimal,full_suboptimal,full_suboptimal,Full Suboptimal,ai,1,59.401000000000465,3,4,3.0302520159593036,1,689.0,ai|manual,False,False,12.0
47,14,2,1,6,optimal|full_suboptimal,optimal,full_suboptimal,full_suboptimal,Full Suboptimal,ai,1,78.17370000000018,3,4,2.3025646732852554,1,470.60000000009313,ai|manual,False,False,12.0
47,15,2,1,7,optimal|full_suboptimal,optimal,full_suboptimal,full_suboptimal,Full Suboptimal,ai,1,73.07689999999991,3,4,2.463158672576426,1,728.6000000000931,ai|manual,False,False,15.0
47,16,2,1,8,optimal|full_suboptimal,optimal,full_suboptimal,full_suboptimal,Full Suboptimal,ai,1,74.47509999999916,1,4,0.8056383945775256,1,464.10000000009313,ai|manual,False,False,15.0
48,1,1,0,1,full_suboptimal|full_suboptimal,full_suboptimal,full_suboptimal,full_suboptimal,Full Suboptimal,ai,1,151.48639999997616,3,4,1.188225477666829,1,8471.799999952316,ai|manual,False,False,31.0
48,2,1,0,2,full_suboptimal|full_suboptimal,full_suboptimal,full_suboptimal,full_suboptimal,Full Suboptimal,manual,0,72.59629999983311,3,4,2.4794652069101843,0,5683.600000023842,ai|manual,False,False,
48,3,1,0,3,full_suboptimal|full_suboptimal,full_suboptimal,full_suboptimal,full_suboptimal,Full Suboptimal,ai,1,95.43389999985696,3,4,1.8861222270102111,1,2533.7000000476837,ai|manual,False,False,19.0
48,4,1,0,4,full_suboptimal|full_suboptimal,full_suboptimal,full_suboptimal,full_suboptimal,Full Suboptimal,ai,1,91.79139999985696,3,4,1.9609680209723408,1,1877.7000000476835,ai|manual,False,False,23.0
48,5,1,0,5,full_suboptimal|full_suboptimal,full_suboptimal,full_suboptimal,full_suboptimal,Full Suboptimal,manual,0,40.13509999990463,4,4,5.979803214656754,0,2166.2000000476837,ai|manual,False,False,
48,6,1,0,6,full_suboptimal|full_suboptimal,full_suboptimal,full_suboptimal,full_suboptimal,Full Suboptimal,manual,0,40.324400000095366,3,4,4.463798593396909,0,2135.2000000476837,ai|manual,False,False,
48,7,1,0,7,full_suboptimal|full_suboptimal,full_suboptimal,full_suboptimal,full_suboptimal,Full Suboptimal,manual,0,47.815800000071526,4,4,5.0192614156751745,0,1823.399999976158,ai|manual,False,False,
48,8,1,0,8,full_suboptimal|full_suboptimal,full_suboptimal,full_suboptimal,full_suboptimal,Full Suboptimal,manual,0,32.152799999952315,3,4,5.5982682690237535,0,2073.7000000476837,ai|manual,False,False,
48,9,2,1,1,full_suboptimal|full_suboptimal,full_suboptimal,full_suboptimal,full_suboptimal,Full Suboptimal,manual,0,28.179099999904633,3,4,6.387712879425147,0,6659.0,ai|manual,False,False,
48,10,2,1,2,full_suboptimal|full_suboptimal,full_suboptimal,full_suboptimal,full_suboptimal,Full Suboptimal,ai,1,95.39019999992848,4,4,2.5159817255879533,1,3203.3000000715256,ai|manual,False,False,7.0
48,11,2,1,3,full_suboptimal|full_suboptimal,full_suboptimal,full_suboptimal,full_suboptimal,Full Suboptimal,ai,1,89.15760000026226,1,4,0.6729656249138998,1,2199.2000000476837,ai|manual,False,False,15.0
48,12,2,1,4,full_suboptimal|full_suboptimal,full_suboptimal,full_suboptimal,full_suboptimal,Full Suboptimal,manual,0,33.83789999997616,4,4,7.0926387275856095,0,1800.2000000476835,ai|manual,False,False,
48,13,2,1,5,full_suboptimal|full_suboptimal,full_suboptimal,full_suboptimal,full_suboptimal,Full Suboptimal,manual,0,30.987300000071524,4,4,7.74510847990777,0,2051.0,ai|manual,False,False,
48,14,2,1,6,full_suboptimal|full_suboptimal,full_suboptimal,full_suboptimal,full_suboptimal,Full Suboptimal,manual,0,29.0615,4,4,8.258348674362988,0,1669.899999976158,ai|manual,False,False,
48,15,2,1,7,full_suboptimal|full_suboptimal,full_suboptimal,full_suboptimal,full_suboptimal,Full Suboptimal,manual,0,32.892200000166895,4,4,7.296562710879243,0,2634.2000000476837,ai|manual,False,False,
48,16,2,1,8,full_suboptimal|full_suboptimal,full_suboptimal,full_suboptimal,full_suboptimal,Full Suboptimal,manual,0,34.386199999809264,4,4,6.97954411948198,0,2278.7000000476837,ai|manual,False,False,
49,1,1,0,1,full_suboptimal|full_suboptimal,full_suboptimal,full_suboptimal,full_suboptimal,Full Suboptimal,manual,0,21.23839999961853,3,4,8.47521470559143,0,11407.5,ai|manual,False,False,
49,2,1,0,2,full_suboptimal|full_suboptimal,full_suboptimal,full_suboptimal,full_suboptimal,Full Suboptimal,manual,0,21.7365,3,4,8.28100200124215,0,1223.6000003814695,ai|manual,False,False,
49,3,1,0,3,full_suboptimal|full_suboptimal,full_suboptimal,full_suboptimal,full_suboptimal,Full Suboptimal,manual,0,25.81920000076294,2,4,4.647704034069765,0,1303.6000003814695,ai|manual,False,False,
49,4,1,0,4,full_suboptimal|full_suboptimal,full_suboptimal,full_suboptimal,full_suboptimal,Full Suboptimal,ai,1,86.12050000095367,3,4,2.090094692878081,1,1312.0,ai|manual,False,False,13.0
49,5,1,0,5,full_suboptimal|full_suboptimal,full_suboptimal,full_suboptimal,full_suboptimal,Full Suboptimal,manual,0,25.97539999961853,3,4,6.929633422493723,0,839.8000001907349,ai|manual,False,False,
49,6,1,0,6,full_suboptimal|full_suboptimal,full_suboptimal,full_suboptimal,full_suboptimal,Full Suboptimal,manual,0,27.96639999961853,3,4,6.436294982638282,0,767.7000007629395,ai|manual,False,False,
49,7,1,0,7,full_suboptimal|full_suboptimal,full_suboptimal,full_suboptimal,full_suboptimal,Full Suboptimal,manual,0,23.309699999809265,4,4,10.29614280758499,0,1767.6000003814695,ai|manual,False,False,
49,8,1,0,8,full_suboptimal|full_suboptimal,full_suboptimal,full_suboptimal,full_suboptimal,Full Suboptimal,manual,0,24.039399998664855,3,4,7.487707680308043,0,807.7000007629395,ai|manual,False,False,
49,9,2,1,1,full_suboptimal|full_suboptimal,full_suboptimal,full_suboptimal,full_suboptimal,Full Suboptimal,manual,0,21.244099999427796,4,4,11.297254296791314,0,1583.5,ai|manual,False,False,
49,10,2,1,2,full_suboptimal|full_suboptimal,full_suboptimal,full_suboptimal,full_suboptimal,Full Suboptimal,manual,0,25.647199999809263,2,4,4.678873327337582,0,1135.8000001907349,ai|manual,False,False,
49,11,2,1,3,full_suboptimal|full_suboptimal,full_suboptimal,full_suboptimal,full_suboptimal,Full Suboptimal,manual,0,33.726299999237064,3,4,5.337081150439623,0,792.0,ai|manual,False,False,
49,12,2,1,4,full_suboptimal|full_suboptimal,full_suboptimal,full_suboptimal,full_suboptimal,Full Suboptimal,manual,0,26.61710000038147,3,4,6.762569926754616,0,2303.7999992370605,ai|manual,False,False,
49,13,2,1,5,full_suboptimal|full_suboptimal,full_suboptimal,full_suboptimal,full_suboptimal,Full Suboptimal,manual,0,23.97819999885559,4,4,10.009091592006676,0,1111.8999996185305,ai|manual,False,False,
49,14,2,1,6,full_suboptimal|full_suboptimal,full_suboptimal,full_suboptimal,full_suboptimal,Full Suboptimal,ai,1,62.660500000953675,2,4,1.9150820692170287,1,1807.8000001907349,ai|manual,False,False,13.0
49,15,2,1,7,full_suboptimal|full_suboptimal,full_suboptimal,full_suboptimal,full_suboptimal,Full Suboptimal,manual,0,24.14689999961853,4,4,9.939164033635436,0,1087.8000001907349,ai|manual,False,False,
49,16,2,1,8,full_suboptimal|full_suboptimal,full_suboptimal,full_suboptimal,full_suboptimal,Full Suboptimal,manual,0,16.46939999961853,2,4,7.286239936049855,0,1175.8000001907349,ai|manual,False,False,
50,1,1,0,1,time_penalty|full_suboptimal,time_penalty,full_suboptimal,time_penalty,Time Penalty,manual,0,34.5585,2,4,3.472372932852988,0,1875.0999999977648,ai|manual,False,False,
50,2,1,0,2,time_penalty|full_suboptimal,time_penalty,full_suboptimal,time_penalty,Time Penalty,ai,1,65.17089999999851,2,4,1.841312610382897,0,1330.5,ai|manual,False,False,10.0
50,3,1,0,3,time_penalty|full_suboptimal,time_penalty,full_suboptimal,time_penalty,Time Penalty,manual,0,40.67710000000149,3,4,4.425094217630889,0,799.8000000007451,ai|manual,False,False,
50,4,1,0,4,time_penalty|full_suboptimal,time_penalty,full_suboptimal,time_penalty,Time Penalty,manual,0,19.456600000005217,3,4,9.25135943587018,0,800.5999999977648,ai|manual,False,False,
50,5,1,0,5,time_penalty|full_suboptimal,time_penalty,full_suboptimal,time_penalty,Time Penalty,manual,0,17.99570000000298,3,4,10.002389459702606,0,749.6999999992549,ai|manual,False,False,
50,6,1,0,6,time_penalty|full_suboptimal,time_penalty,full_suboptimal,time_penalty,Time Penalty,ai,1,62.70470000000298,4,4,3.8274642889606136,0,325.30000000074506,ai|manual,False,False,10.0
50,7,1,0,7,time_penalty|full_suboptimal,time_penalty,full_suboptimal,time_penalty,Time Penalty,manual,0,46.47700000000373,4,4,5.1638444822165965,0,550.7999999970198,ai|manual,False,False,
50,8,1,0,8,time_penalty|full_suboptimal,time_penalty,full_suboptimal,time_penalty,Time Penalty,manual,0,20.252800000000747,4,4,11.850213303839032,0,730.9000000022352,ai|manual,False,False,
50,9,2,1,1,time_penalty|full_suboptimal,time_penalty,full_suboptimal,full_suboptimal,Full Suboptimal,ai,1,61.91469999999553,3,4,2.907225586169569,1,3456.599999997765,ai|manual,False,False,22.0
50,10,2,1,2,time_penalty|full_suboptimal,time_penalty,full_suboptimal,full_suboptimal,Full Suboptimal,manual,0,16.384599999997764,1,4,3.6619752694608465,0,372.9000000022352,ai|manual,False,False,
50,11,2,1,3,time_penalty|full_suboptimal,time_penalty,full_suboptimal,full_suboptimal,Full Suboptimal,manual,0,16.38689999999851,3,4,10.98438386760256,0,345.0,ai|manual,False,False,
50,12,2,1,4,time_penalty|full_suboptimal,time_penalty,full_suboptimal,full_suboptimal,Full Suboptimal,manual,0,14.89860000000149,4,4,16.10889613789054,0,810.9000000022352,ai|manual,False,False,
50,13,2,1,5,time_penalty|full_suboptimal,time_penalty,full_suboptimal,full_suboptimal,Full Suboptimal,manual,0,21.31839999999851,3,4,8.44341038727168,0,261.8999999985099,ai|manual,False,False,
50,14,2,1,6,time_penalty|full_suboptimal,time_penalty,full_suboptimal,full_suboptimal,Full Suboptimal,ai,1,62.372500000003726,3,4,2.8858872099080406,1,416.30000000074506,ai|manual,False,False,17.0
50,15,2,1,7,time_penalty|full_suboptimal,time_penalty,full_suboptimal,full_suboptimal,Full Suboptimal,manual,0,14.761099999997764,4,4,16.258950891196207,0,822.6999999992549,ai|manual,False,False,
50,16,2,1,8,time_penalty|full_suboptimal,time_penalty,full_suboptimal,full_suboptimal,Full Suboptimal,manual,0,14.08370000000298,4,4,17.04097644794686,0,1223.5999999977648,ai|manual,False,False,
51,1,1,0,1,effort_penalty|full_suboptimal,effort_penalty,full_suboptimal,effort_penalty,Effort Penalty,ai,1,23.97870000000112,2,4,5.0044414417793455,1,3129.5,ai|manual,False,False,0.0
51,2,1,0,2,effort_penalty|full_suboptimal,effort_penalty,full_suboptimal,effort_penalty,Effort Penalty,manual,0,21.249299999998883,4,4,11.294489700837795,0,1646.699999999255,ai|manual,False,False,
51,3,1,0,3,effort_penalty|full_suboptimal,effort_penalty,full_suboptimal,effort_penalty,Effort Penalty,manual,0,19.34389999999851,4,4,12.407012029633036,0,833.2000000011176,ai|manual,False,False,
51,4,1,0,4,effort_penalty|full_suboptimal,effort_penalty,full_suboptimal,effort_penalty,Effort Penalty,ai,1,35.14419999999925,3,4,5.121755510155412,1,833.5,ai|manual,False,False,0.0
51,5,1,0,5,effort_penalty|full_suboptimal,effort_penalty,full_suboptimal,effort_penalty,Effort Penalty,ai,1,18.623800000000745,2,4,6.443368163317647,1,2400.7999999988824,ai|manual,False,False,0.0
51,6,1,0,6,effort_penalty|full_suboptimal,effort_penalty,full_suboptimal,effort_penalty,Effort Penalty,manual,0,14.48410000000149,4,4,16.569893883636215,0,3004.9000000003725,ai|manual,False,False,
51,7,1,0,7,effort_penalty|full_suboptimal,effort_penalty,full_suboptimal,effort_penalty,Effort Penalty,manual,0,20.708,2,4,5.794861889124976,0,2053.0999999996275,ai|manual,False,False,
51,8,1,0,8,effort_penalty|full_suboptimal,effort_penalty,full_suboptimal,effort_penalty,Effort Penalty,manual,0,14.855200000001116,3,4,12.116969142117672,0,5622.9000000003725,ai|manual,False,False,
51,9,2,1,1,effort_penalty|full_suboptimal,effort_penalty,full_suboptimal,full_suboptimal,Full Suboptimal,manual,0,15.6575,3,4,11.496088136675716,0,2452.0999999996275,ai|manual,False,False,
51,10,2,1,2,effort_penalty|full_suboptimal,effort_penalty,full_suboptimal,full_suboptimal,Full Suboptimal,manual,0,11.919,2,4,10.067958721369244,0,994.0,ai|manual,False,False,
51,11,2,1,3,effort_penalty|full_suboptimal,effort_penalty,full_suboptimal,full_suboptimal,Full Suboptimal,manual,0,17.358400000002234,3,4,10.36961931975164,0,1654.0999999977648,ai|manual,False,False,
51,12,2,1,4,effort_penalty|full_suboptimal,effort_penalty,full_suboptimal,full_suboptimal,Full Suboptimal,manual,0,22.838800000000745,2,4,5.254216508748099,0,1012.2000000029802,ai|manual,False,False,
51,13,2,1,5,effort_penalty|full_suboptimal,effort_penalty,full_suboptimal,full_suboptimal,Full Suboptimal,manual,0,15.928999999996275,4,4,15.0668591876487,0,9073.300000000743,ai|manual,False,False,
51,14,2,1,6,effort_penalty|full_suboptimal,effort_penalty,full_suboptimal,full_suboptimal,Full Suboptimal,manual,0,32.60630000000074,2,4,3.680270377196961,0,1171.0,ai|manual,False,False,
51,15,2,1,7,effort_penalty|full_suboptimal,effort_penalty,full_suboptimal,full_suboptimal,Full Suboptimal,ai,1,53.66010000000149,2,4,2.2362984787578974,1,1625.89999999851,ai|manual,False,False,0.0
51,16,2,1,8,effort_penalty|full_suboptimal,effort_penalty,full_suboptimal,full_suboptimal,Full Suboptimal,manual,0,15.53909999999404,2,4,7.722454968437427,0,1344.10000000149,ai|manual,False,False,
52,1,1,0,1,optimal|full_suboptimal,optimal,full_suboptimal,optimal,Optimal,manual,0,28.386800000190735,3,4,6.340975382881852,0,2195.7999999523163,manual|ai,True,False,
52,2,1,0,2,optimal|full_suboptimal,optimal,full_suboptimal,optimal,Optimal,manual,0,30.653000000238418,2,4,3.914788112062984,0,2448.7000000476837,manual|ai,True,False,
52,3,1,0,3,optimal|full_suboptimal,optimal,full_suboptimal,optimal,Optimal,ai,1,42.92499999976158,4,4,5.591147350060176,0,1115.2000000476835,manual|ai,True,False,9.0
52,4,1,0,4,optimal|full_suboptimal,optimal,full_suboptimal,optimal,Optimal,ai,1,39.83349999976158,2,4,3.012539696504657,0,2410.5,manual|ai,True,False,8.0
52,5,1,0,5,optimal|full_suboptimal,optimal,full_suboptimal,optimal,Optimal,manual,0,19.9947000002861,4,4,12.003180842751622,0,1654.9000000953674,manual|ai,True,False,
52,6,1,0,6,optimal|full_suboptimal,optimal,full_suboptimal,optimal,Optimal,manual,0,24.44310000038147,3,4,7.3640413857976625,0,841.5999999046326,manual|ai,True,False,
52,7,1,0,7,optimal|full_suboptimal,optimal,full_suboptimal,optimal,Optimal,manual,0,16.048299999713898,4,4,14.95485503164065,0,1437.7999999523165,manual|ai,True,False,
52,8,1,0,8,optimal|full_suboptimal,optimal,full_suboptimal,optimal,Optimal,manual,0,16.80340000009537,3,4,10.712117785625432,0,1289.1000001430511,manual|ai,True,False,
52,9,2,1,1,optimal|full_suboptimal,optimal,full_suboptimal,full_suboptimal,Full Suboptimal,manual,0,22.328100000143053,3,4,8.061590551764224,0,1108.7000000476835,manual|ai,True,False,
52,10,2,1,2,optimal|full_suboptimal,optimal,full_suboptimal,full_suboptimal,Full Suboptimal,ai,1,55.46489999985695,3,4,3.245295673488355,1,1663.7000000476835,manual|ai,True,False,1.0
52,11,2,1,3,optimal|full_suboptimal,optimal,full_suboptimal,full_suboptimal,Full Suboptimal,manual,0,18.68739999961853,3,4,9.632158566931428,0,1281.0,manual|ai,True,False,
52,12,2,1,4,optimal|full_suboptimal,optimal,full_suboptimal,full_suboptimal,Full Suboptimal,manual,0,17.923,4,4,13.39061541036657,0,1236.9000000953674,manual|ai,True,False,
52,13,2,1,5,optimal|full_suboptimal,optimal,full_suboptimal,full_suboptimal,Full Suboptimal,manual,0,18.47689999985695,4,4,12.989191909998867,0,1148.6000001430511,manual|ai,True,False,
52,14,2,1,6,optimal|full_suboptimal,optimal,full_suboptimal,full_suboptimal,Full Suboptimal,manual,0,22.88960000014305,3,4,7.863833356584435,0,2365.5,manual|ai,True,False,
52,15,2,1,7,optimal|full_suboptimal,optimal,full_suboptimal,full_suboptimal,Full Suboptimal,manual,0,16.454,4,4,14.586118876868849,0,1274.7000000476835,manual|ai,True,False,
52,16,2,1,8,optimal|full_suboptimal,optimal,full_suboptimal,full_suboptimal,Full Suboptimal,manual,0,18.622799999952317,3,4,9.665571235284752,0,1278.0,manual|ai,True,False,
53,1,1,0,1,optimal|full_suboptimal,optimal,full_suboptimal,optimal,Optimal,manual,0,20.964700000000185,3,4,8.585860994910416,0,1541.5,ai|manual,False,False,
53,2,1,0,2,optimal|full_suboptimal,optimal,full_suboptimal,optimal,Optimal,manual,0,15.311099999999628,4,4,15.674902521700323,0,1195.2000000001865,ai|manual,False,False,
53,3,1,0,3,optimal|full_suboptimal,optimal,full_suboptimal,optimal,Optimal,manual,0,21.27750000000093,3,4,8.459640465279856,0,718.6000000005588,ai|manual,False,False,
53,4,1,0,4,optimal|full_suboptimal,optimal,full_suboptimal,optimal,Optimal,manual,0,14.323599999998695,3,4,12.56667318272057,0,857.7000000001863,ai|manual,False,False,
53,5,1,0,5,optimal|full_suboptimal,optimal,full_suboptimal,optimal,Optimal,manual,0,13.195300000000746,4,4,18.188294316914845,0,6415.5,ai|manual,False,False,
53,6,1,0,6,optimal|full_suboptimal,optimal,full_suboptimal,optimal,Optimal,manual,0,12.246399999999442,4,4,19.59759602822143,0,953.5,ai|manual,False,False,
53,7,1,0,7,optimal|full_suboptimal,optimal,full_suboptimal,optimal,Optimal,manual,0,12.239699999998324,2,4,9.804161866713764,0,6601.399999999441,ai|manual,False,False,
53,8,1,0,8,optimal|full_suboptimal,optimal,full_suboptimal,optimal,Optimal,manual,0,11.885900000000373,4,4,20.19199219242905,0,758.0,ai|manual,False,False,
53,9,2,1,1,optimal|full_suboptimal,optimal,full_suboptimal,full_suboptimal,Full Suboptimal,manual,0,13.861499999999069,3,4,12.985607618224009,0,1465.0,ai|manual,False,False,
53,10,2,1,2,optimal|full_suboptimal,optimal,full_suboptimal,full_suboptimal,Full Suboptimal,ai,1,49.623599999998696,3,4,3.627306362295455,1,559.2999999998137,ai|manual,False,False,2.0
53,11,2,1,3,optimal|full_suboptimal,optimal,full_suboptimal,full_suboptimal,Full Suboptimal,manual,0,11.294599999999628,1,4,5.312273121668937,0,790.1000000005588,ai|manual,False,False,
53,12,2,1,4,optimal|full_suboptimal,optimal,full_suboptimal,full_suboptimal,Full Suboptimal,manual,0,12.642800000000744,3,4,14.237352485208133,0,555.9000000003725,ai|manual,False,False,
53,13,2,1,5,optimal|full_suboptimal,optimal,full_suboptimal,full_suboptimal,Full Suboptimal,manual,0,12.83139999999944,2,4,9.352058232149666,0,565.7000000001863,ai|manual,False,False,
53,14,2,1,6,optimal|full_suboptimal,optimal,full_suboptimal,full_suboptimal,Full Suboptimal,manual,0,13.835099999999628,4,4,17.3471821670972,0,600.5,ai|manual,False,False,
53,15,2,1,7,optimal|full_suboptimal,optimal,full_suboptimal,full_suboptimal,Full Suboptimal,manual,0,12.6785,3,4,14.1972630831723,0,619.0,ai|manual,False,False,
53,16,2,1,8,optimal|full_suboptimal,optimal,full_suboptimal,full_suboptimal,Full Suboptimal,manual,0,13.008100000000558,3,4,13.837531999292157,0,529.7000000001863,ai|manual,False,False,
54,1,1,0,1,time_penalty|full_suboptimal,time_penalty,full_suboptimal,time_penalty,Time Penalty,manual,0,19.38,3,4,9.287925696594428,0,1931.0,manual|ai,True,False,
54,2,1,0,2,time_penalty|full_suboptimal,time_penalty,full_suboptimal,time_penalty,Time Penalty,manual,0,32.89000000000003,4,4,7.2970507753116385,0,2184.0,manual|ai,True,False,
54,3,1,0,3,time_penalty|full_suboptimal,time_penalty,full_suboptimal,time_penalty,Time Penalty,manual,0,15.95500000000006,3,4,11.281729865245962,0,966.0,manual|ai,True,False,
54,4,1,0,4,time_penalty|full_suboptimal,time_penalty,full_suboptimal,time_penalty,Time Penalty,manual,0,16.05900000000003,4,4,14.944890715486617,0,566.0,manual|ai,True,False,
54,5,1,0,5,time_penalty|full_suboptimal,time_penalty,full_suboptimal,time_penalty,Time Penalty,manual,0,16.93599999999991,1,4,3.542749173358545,0,765.0,manual|ai,True,False,
54,6,1,0,6,time_penalty|full_suboptimal,time_penalty,full_suboptimal,time_penalty,Time Penalty,ai,1,96.60600000000004,2,4,1.2421588721197434,0,682.9999999999418,manual|ai,True,False,4.0
54,7,1,0,7,time_penalty|full_suboptimal,time_penalty,full_suboptimal,time_penalty,Time Penalty,manual,0,36.28100000000012,1,4,1.6537581654309363,0,484.0,manual|ai,True,False,
54,8,1,0,8,time_penalty|full_suboptimal,time_penalty,full_suboptimal,time_penalty,Time Penalty,manual,0,69.37000000000006,4,4,3.4597088078420035,0,532.0000000000582,manual|ai,True,False,
54,9,2,1,1,time_penalty|full_suboptimal,time_penalty,full_suboptimal,full_suboptimal,Full Suboptimal,manual,0,27.821,3,4,6.469932784587182,0,1148.9999999998836,manual|ai,True,False,
54,10,2,1,2,time_penalty|full_suboptimal,time_penalty,full_suboptimal,full_suboptimal,Full Suboptimal,manual,0,28.104000000000116,2,4,4.269854824935934,0,2033.0,manual|ai,True,False,
54,11,2,1,3,time_penalty|full_suboptimal,time_penalty,full_suboptimal,full_suboptimal,Full Suboptimal,manual,0,17.411,4,4,13.784389179254491,0,5483.0,manual|ai,True,False,
54,12,2,1,4,time_penalty|full_suboptimal,time_penalty,full_suboptimal,full_suboptimal,Full Suboptimal,manual,0,17.899,4,4,13.40857031119057,0,550.0,manual|ai,True,False,
54,13,2,1,5,time_penalty|full_suboptimal,time_penalty,full_suboptimal,full_suboptimal,Full Suboptimal,manual,0,23.109,4,4,10.385564065948332,0,667.0,manual|ai,True,False,
54,14,2,1,6,time_penalty|full_suboptimal,time_penalty,full_suboptimal,full_suboptimal,Full Suboptimal,manual,0,18.11599999999988,3,4,9.935968204901808,0,467.0,manual|ai,True,False,
54,15,2,1,7,time_penalty|full_suboptimal,time_penalty,full_suboptimal,full_suboptimal,Full Suboptimal,manual,0,23.787,4,4,10.089544709294993,0,416.0,manual|ai,True,False,
54,16,2,1,8,time_penalty|full_suboptimal,time_penalty,full_suboptimal,full_suboptimal,Full Suboptimal,manual,0,13.318,4,4,18.02072383240727,0,5867.0,manual|ai,True,False,
55,1,1,0,1,full_suboptimal|full_suboptimal,full_suboptimal,full_suboptimal,full_suboptimal,Full Suboptimal,manual,0,20.517,4,4,11.697616610615588,0,4186.0,ai|manual,False,False,
55,2,1,0,2,full_suboptimal|full_suboptimal,full_suboptimal,full_suboptimal,full_suboptimal,Full Suboptimal,ai,1,63.309,3,4,2.8431976496232765,1,1619.0,ai|manual,False,False,11.0
55,3,1,0,3,full_suboptimal|full_suboptimal,full_suboptimal,full_suboptimal,full_suboptimal,Full Suboptimal,manual,0,16.965,3,4,10.610079575596815,0,946.0,ai|manual,False,False,
55,4,1,0,4,full_suboptimal|full_suboptimal,full_suboptimal,full_suboptimal,full_suboptimal,Full Suboptimal,manual,0,17.364,2,4,6.91085003455425,0,985.0,ai|manual,False,False,
55,5,1,0,5,full_suboptimal|full_suboptimal,full_suboptimal,full_suboptimal,full_suboptimal,Full Suboptimal,manual,0,17.317,1,4,3.464803372408616,0,751.0,ai|manual,False,False,
55,6,1,0,6,full_suboptimal|full_suboptimal,full_suboptimal,full_suboptimal,full_suboptimal,Full Suboptimal,manual,0,17.781,4,4,13.497553568415723,0,1056.0,ai|manual,False,False,
55,7,1,0,7,full_suboptimal|full_suboptimal,full_suboptimal,full_suboptimal,full_suboptimal,Full Suboptimal,manual,0,14.672,3,4,12.268266085059976,0,852.0,ai|manual,False,False,
55,8,1,0,8,full_suboptimal|full_suboptimal,full_suboptimal,full_suboptimal,full_suboptimal,Full Suboptimal,manual,0,13.9,2,4,8.633093525179856,0,763.0,ai|manual,False,False,
55,9,2,1,1,full_suboptimal|full_suboptimal,full_suboptimal,full_suboptimal,full_suboptimal,Full Suboptimal,manual,0,13.375,2,4,8.97196261682243,0,2589.0,ai|manual,False,False,
55,10,2,1,2,full_suboptimal|full_suboptimal,full_suboptimal,full_suboptimal,full_suboptimal,Full Suboptimal,manual,0,16.865,4,4,14.23065520308331,0,960.0,ai|manual,False,False,
55,11,2,1,3,full_suboptimal|full_suboptimal,full_suboptimal,full_suboptimal,full_suboptimal,Full Suboptimal,manual,0,14.731,4,4,16.292172968569684,0,717.0,ai|manual,False,False,
55,12,2,1,4,full_suboptimal|full_suboptimal,full_suboptimal,full_suboptimal,full_suboptimal,Full Suboptimal,manual,0,18.121,3,4,9.93322664312124,0,886.0,ai|manual,False,False,
55,13,2,1,5,full_suboptimal|full_suboptimal,full_suboptimal,full_suboptimal,full_suboptimal,Full Suboptimal,manual,0,14.158,4,4,16.951546828648116,0,666.0,ai|manual,False,False,
55,14,2,1,6,full_suboptimal|full_suboptimal,full_suboptimal,full_suboptimal,full_suboptimal,Full Suboptimal,manual,0,14.292,4,4,16.79261125104954,0,793.0,ai|manual,False,False,
55,15,2,1,7,full_suboptimal|full_suboptimal,full_suboptimal,full_suboptimal,full_suboptimal,Full Suboptimal,manual,0,13.056,4,4,18.38235294117647,0,802.0,ai|manual,False,False,
55,16,2,1,8,full_suboptimal|full_suboptimal,full_suboptimal,full_suboptimal,full_suboptimal,Full Suboptimal,manual,0,13.282,4,4,18.069567836169252,0,803.0,ai|manual,False,False,
56,1,1,0,1,optimal|full_suboptimal,optimal,full_suboptimal,optimal,Optimal,ai,1,148.843,4,4,1.6124372661126154,0,1983.0,manual|ai,True,False,9.0
56,2,1,0,2,optimal|full_suboptimal,optimal,full_suboptimal,optimal,Optimal,ai,1,29.593,3,4,6.08251951475011,0,3183.0,manual|ai,True,False,7.0
56,3,1,0,3,optimal|full_suboptimal,optimal,full_suboptimal,optimal,Optimal,ai,1,40.856,4,4,5.874290189935382,0,1626.0,manual|ai,True,False,4.0
56,4,1,0,4,optimal|full_suboptimal,optimal,full_suboptimal,optimal,Optimal,manual,0,64.531,4,4,3.719142737598983,0,1672.0,manual|ai,True,False,
56,5,1,0,5,optimal|full_suboptimal,optimal,full_suboptimal,optimal,Optimal,ai,1,50.865,4,4,4.718372161604246,0,3278.0,manual|ai,True,False,7.0
56,6,1,0,6,optimal|full_suboptimal,optimal,full_suboptimal,optimal,Optimal,ai,1,23.499,4,4,10.213200561726032,0,1334.0,manual|ai,True,False,2.0
56,7,1,0,7,optimal|full_suboptimal,optimal,full_suboptimal,optimal,Optimal,ai,1,40.313,2,4,2.9767072656463176,0,1303.0,manual|ai,True,False,4.0
56,8,1,0,8,optimal|full_suboptimal,optimal,full_suboptimal,optimal,Optimal,ai,1,17.867,3,4,10.074438909721833,0,1170.0,manual|ai,True,False,0.0
56,9,2,1,1,optimal|full_suboptimal,optimal,full_suboptimal,full_suboptimal,Full Suboptimal,ai,1,57.263,3,4,3.143391020379652,1,1803.0,manual|ai,True,False,11.0
56,10,2,1,2,optimal|full_suboptimal,optimal,full_suboptimal,full_suboptimal,Full Suboptimal,ai,1,70.044,4,4,3.42641768031523,1,1375.0,manual|ai,True,False,11.0
56,11,2,1,3,optimal|full_suboptimal,optimal,full_suboptimal,full_suboptimal,Full Suboptimal,ai,1,55.785,4,4,4.302231782737295,1,1186.0,manual|ai,True,False,13.0
56,12,2,1,4,optimal|full_suboptimal,optimal,full_suboptimal,full_suboptimal,Full Suboptimal,ai,1,49.743,3,4,3.618599601954043,1,1013.0,manual|ai,True,False,10.0
56,13,2,1,5,optimal|full_suboptimal,optimal,full_suboptimal,full_suboptimal,Full Suboptimal,manual,0,15.356,4,4,15.629070070330815,0,1257.0,manual|ai,True,False,
56,14,2,1,6,optimal|full_suboptimal,optimal,full_suboptimal,full_suboptimal,Full Suboptimal,manual,0,14.238,4,4,16.856300042140752,0,999.0,manual|ai,True,False,
56,15,2,1,7,optimal|full_suboptimal,optimal,full_suboptimal,full_suboptimal,Full Suboptimal,manual,0,15.076,3,4,11.939506500397982,0,1272.0,manual|ai,True,False,
56,16,2,1,8,optimal|full_suboptimal,optimal,full_suboptimal,full_suboptimal,Full Suboptimal,manual,0,13.992,4,4,17.152658662092623,0,770.0,manual|ai,True,False,
57,1,1,0,1,full_suboptimal|full_suboptimal,full_suboptimal,full_suboptimal,full_suboptimal,Full Suboptimal,manual,0,34.4990000000149,2,4,3.4783616916417337,0,4046.89999999851,ai|manual,False,False,
57,2,1,0,2,full_suboptimal|full_suboptimal,full_suboptimal,full_suboptimal,full_suboptimal,Full Suboptimal,ai,1,123.71,4,4,1.9400210168943497,1,1416.0,ai|manual,False,False,33.0
57,3,1,0,3,full_suboptimal|full_suboptimal,full_suboptimal,full_suboptimal,full_suboptimal,Full Suboptimal,manual,0,25.4379999999851,4,4,9.43470398616796,0,2565.0,ai|manual,False,False,
57,4,1,0,4,full_suboptimal|full_suboptimal,full_suboptimal,full_suboptimal,full_suboptimal,Full Suboptimal,manual,0,26.65349999999255,3,4,6.753334458890964,0,1532.89999999851,ai|manual,False,False,
57,5,1,0,5,full_suboptimal|full_suboptimal,full_suboptimal,full_suboptimal,full_suboptimal,Full Suboptimal,manual,0,43.73010000000149,4,4,5.488210637524081,0,998.7000000029802,ai|manual,False,False,
57,6,1,0,6,full_suboptimal|full_suboptimal,full_suboptimal,full_suboptimal,full_suboptimal,Full Suboptimal,manual,0,25.95209999999404,4,4,9.247806535889392,0,2883.0,ai|manual,False,False,
57,7,1,0,7,full_suboptimal|full_suboptimal,full_suboptimal,full_suboptimal,full_suboptimal,Full Suboptimal,manual,0,24.31300000000745,2,4,4.935631143831006,0,2765.10000000149,ai|manual,False,False,
57,8,1,0,8,full_suboptimal|full_suboptimal,full_suboptimal,full_suboptimal,full_suboptimal,Full Suboptimal,manual,0,34.80090000000596,4,4,6.896373369653052,0,1564.60000000149,ai|manual,False,False,
57,9,2,1,1,full_suboptimal|full_suboptimal,full_suboptimal,full_suboptimal,full_suboptimal,Full Suboptimal,ai,1,96.5145,4,4,2.4866729869605084,1,3349.79999999702,ai|manual,False,False,19.0
57,10,2,1,2,full_suboptimal|full_suboptimal,full_suboptimal,full_suboptimal,full_suboptimal,Full Suboptimal,manual,0,16.13329999999702,4,4,14.87606379352298,0,1365.1999999955297,ai|manual,False,False,
57,11,2,1,3,full_suboptimal|full_suboptimal,full_suboptimal,full_suboptimal,full_suboptimal,Full Suboptimal,manual,0,21.27930000001192,2,4,5.6392832470961345,0,1083.7999999970198,ai|manual,False,False,
57,12,2,1,4,full_suboptimal|full_suboptimal,full_suboptimal,full_suboptimal,full_suboptimal,Full Suboptimal,manual,0,59.59919999999553,3,4,3.0201747674467696,0,1282.7000000029802,ai|manual,False,False,
57,13,2,1,5,full_suboptimal|full_suboptimal,full_suboptimal,full_suboptimal,full_suboptimal,Full Suboptimal,ai,1,82.1871000000015,3,4,2.190124727603197,1,3948.89999999851,ai|manual,False,False,18.0
57,14,2,1,6,full_suboptimal|full_suboptimal,full_suboptimal,full_suboptimal,full_suboptimal,Full Suboptimal,manual,0,26.30389999999851,3,4,6.8430917088344385,0,1649.6999999955297,ai|manual,False,False,
57,15,2,1,7,full_suboptimal|full_suboptimal,full_suboptimal,full_suboptimal,full_suboptimal,Full Suboptimal,manual,0,19.40959999999404,4,4,12.365015250189272,0,4233.89999999851,ai|manual,False,False,
57,16,2,1,8,full_suboptimal|full_suboptimal,full_suboptimal,full_suboptimal,full_suboptimal,Full Suboptimal,ai,1,60.98360000000149,2,4,1.967742147069,1,2200.5999999940395,ai|manual,False,False,10.0
58,1,1,0,1,effort_penalty|full_suboptimal,effort_penalty,full_suboptimal,effort_penalty,Effort Penalty,manual,0,40.770699999928475,3,4,4.414935235360584,0,2027.100000023842,manual|ai,True,False,
58,2,1,0,2,effort_penalty|full_suboptimal,effort_penalty,full_suboptimal,effort_penalty,Effort Penalty,ai,1,49.80310000002384,3,4,3.6142328489574713,1,2229.5,manual|ai,True,False,20.0
58,3,1,0,3,effort_penalty|full_suboptimal,effort_penalty,full_suboptimal,effort_penalty,Effort Penalty,ai,1,31.698000000119208,1,4,1.8928639030782497,1,6800.0,manual|ai,True,False,9.0
58,4,1,0,4,effort_penalty|full_suboptimal,effort_penalty,full_suboptimal,effort_penalty,Effort Penalty,ai,1,26.298699999928473,2,4,4.562963188306889,1,1637.2000000476835,manual|ai,True,False,5.0
58,5,1,0,5,effort_penalty|full_suboptimal,effort_penalty,full_suboptimal,effort_penalty,Effort Penalty,ai,1,39.16000000011921,4,4,6.128702757897584,1,2014.8000000715256,manual|ai,True,False,12.0
58,6,1,0,6,effort_penalty|full_suboptimal,effort_penalty,full_suboptimal,effort_penalty,Effort Penalty,manual,0,20.821500000119208,4,4,11.526547078674731,0,1014.0,manual|ai,True,False,
58,7,1,0,7,effort_penalty|full_suboptimal,effort_penalty,full_suboptimal,effort_penalty,Effort Penalty,manual,0,24.815300000071524,1,4,2.417863173116064,0,1307.399999976158,manual|ai,True,False,
58,8,1,0,8,effort_penalty|full_suboptimal,effort_penalty,full_suboptimal,effort_penalty,Effort Penalty,ai,1,50.93859999990463,4,4,4.71155469526939,1,1931.600000023842,manual|ai,True,False,11.0
58,9,2,1,1,effort_penalty|full_suboptimal,effort_penalty,full_suboptimal,full_suboptimal,Full Suboptimal,manual,0,25.883599999904632,3,4,6.954210388070562,0,1666.9000000953674,manual|ai,True,False,
58,10,2,1,2,effort_penalty|full_suboptimal,effort_penalty,full_suboptimal,full_suboptimal,Full Suboptimal,ai,1,63.72219999992848,2,4,1.8831741528091417,1,1000.5,manual|ai,True,False,18.0
58,11,2,1,3,effort_penalty|full_suboptimal,effort_penalty,full_suboptimal,full_suboptimal,Full Suboptimal,ai,1,63.77840000009537,4,4,3.76302948960214,1,2168.399999976158,manual|ai,True,False,16.0
58,12,2,1,4,effort_penalty|full_suboptimal,effort_penalty,full_suboptimal,full_suboptimal,Full Suboptimal,ai,1,77.63629999995231,3,4,2.318503071373965,1,3398.6999999284744,manual|ai,True,False,15.0
58,13,2,1,5,effort_penalty|full_suboptimal,effort_penalty,full_suboptimal,full_suboptimal,Full Suboptimal,ai,1,68.1989999998808,4,4,3.5191131834839147,1,1500.2999999523165,manual|ai,True,False,14.0
58,14,2,1,6,effort_penalty|full_suboptimal,effort_penalty,full_suboptimal,full_suboptimal,Full Suboptimal,ai,1,65.01549999988079,4,4,3.691427428850659,1,2745.7999999523163,manual|ai,True,False,12.0
58,15,2,1,7,effort_penalty|full_suboptimal,effort_penalty,full_suboptimal,full_suboptimal,Full Suboptimal,ai,1,64.19160000002384,3,4,2.8041052100264388,1,1580.399999976158,manual|ai,True,False,10.0
58,16,2,1,8,effort_penalty|full_suboptimal,effort_penalty,full_suboptimal,full_suboptimal,Full Suboptimal,ai,1,62.47169999980927,4,4,3.841739539675289,1,1541.3000000715256,manual|ai,True,False,4.0
59,1,1,0,1,time_penalty|full_suboptimal,time_penalty,full_suboptimal,time_penalty,Time Penalty,manual,0,25.244799999982117,1,4,2.376727088352552,0,12062.20000001788,ai|manual,False,False,
59,2,1,0,2,time_penalty|full_suboptimal,time_penalty,full_suboptimal,time_penalty,Time Penalty,manual,0,22.59180000004172,1,4,2.6558308766848677,0,1864.199999988079,ai|manual,False,False,
59,3,1,0,3,time_penalty|full_suboptimal,time_penalty,full_suboptimal,time_penalty,Time Penalty,ai,1,82.69369999995828,2,4,1.4511383575781531,0,1615.4000000059605,ai|manual,False,False,6.0
59,4,1,0,4,time_penalty|full_suboptimal,time_penalty,full_suboptimal,time_penalty,Time Penalty,manual,0,20.10670000001788,2,4,5.968159867103666,0,1158.800000011921,ai|manual,False,False,
59,5,1,0,5,time_penalty|full_suboptimal,time_penalty,full_suboptimal,time_penalty,Time Penalty,ai,1,53.99789999997616,3,4,3.3334629680057835,0,2168.4000000059605,ai|manual,False,False,5.0
59,6,1,0,6,time_penalty|full_suboptimal,time_penalty,full_suboptimal,time_penalty,Time Penalty,manual,0,16.831399999946356,2,4,7.129531708614997,0,1551.4000000059605,ai|manual,False,False,
59,7,1,0,7,time_penalty|full_suboptimal,time_penalty,full_suboptimal,time_penalty,Time Penalty,ai,1,50.89690000003576,0,4,0.0,0,5751.800000011921,ai|manual,False,False,3.0
59,8,1,0,8,time_penalty|full_suboptimal,time_penalty,full_suboptimal,time_penalty,Time Penalty,ai,1,51.00289999997616,4,4,4.705614778769681,0,877.6999999880791,ai|manual,False,False,3.0
59,9,2,1,1,time_penalty|full_suboptimal,time_penalty,full_suboptimal,full_suboptimal,Full Suboptimal,ai,1,62.21499999997019,2,4,1.928795306599011,1,1575.199999988079,ai|manual,False,False,14.0
59,10,2,1,2,time_penalty|full_suboptimal,time_penalty,full_suboptimal,full_suboptimal,Full Suboptimal,ai,1,61.48230000001192,2,4,1.951781244357754,1,1222.800000011921,ai|manual,False,False,11.0
59,11,2,1,3,time_penalty|full_suboptimal,time_penalty,full_suboptimal,full_suboptimal,Full Suboptimal,ai,1,51.39830000001192,1,4,1.1673537840742998,1,1407.7000000178814,ai|manual,False,False,11.0
59,12,2,1,4,time_penalty|full_suboptimal,time_penalty,full_suboptimal,full_suboptimal,Full Suboptimal,ai,1,50.943800000071526,3,4,3.533305328612064,1,1128.0,ai|manual,False,False,12.0
59,13,2,1,5,time_penalty|full_suboptimal,time_penalty,full_suboptimal,full_suboptimal,Full Suboptimal,ai,1,47.927899999976155,2,4,2.5037608574558807,1,2087.7999999821186,ai|manual,False,False,2.0
59,14,2,1,6,time_penalty|full_suboptimal,time_penalty,full_suboptimal,full_suboptimal,Full Suboptimal,ai,1,52.15779999998212,4,4,4.601421072209378,1,983.5999999940396,ai|manual,False,False,7.0
59,15,2,1,7,time_penalty|full_suboptimal,time_penalty,full_suboptimal,full_suboptimal,Full Suboptimal,manual,0,14.10939999997616,2,4,8.504968319007384,0,1263.4000000059605,ai|manual,False,False,
59,16,2,1,8,time_penalty|full_suboptimal,time_penalty,full_suboptimal,full_suboptimal,Full Suboptimal,manual,0,13.187399999976158,2,4,9.099595068035924,0,1079.7999999821186,ai|manual,False,False,
60,1,1,0,1,optimal|full_suboptimal,optimal,full_suboptimal,optimal,Optimal,ai,1,38.14400000000001,3,4,4.718959731543623,0,4697.0,manual|ai,True,False,1.0
60,2,1,0,2,optimal|full_suboptimal,optimal,full_suboptimal,optimal,Optimal,ai,1,26.53499999999997,4,4,9.044657998869427,0,2727.0,manual|ai,True,False,0.0
60,3,1,0,3,optimal|full_suboptimal,optimal,full_suboptimal,optimal,Optimal,ai,1,28.32699999999997,4,4,8.472482084230602,0,1047.0,manual|ai,True,False,0.0
60,4,1,0,4,optimal|full_suboptimal,optimal,full_suboptimal,optimal,Optimal,ai,1,25.97500000000003,3,4,6.929740134744939,0,1674.0,manual|ai,True,False,0.0
60,5,1,0,5,optimal|full_suboptimal,optimal,full_suboptimal,optimal,Optimal,ai,1,30.422,4,4,7.889027677338768,0,1070.999999999971,manual|ai,True,False,6.0
60,6,1,0,6,optimal|full_suboptimal,optimal,full_suboptimal,optimal,Optimal,ai,1,22.65600000000006,3,4,7.944915254237268,0,1558.0,manual|ai,True,False,3.0
60,7,1,0,7,optimal|full_suboptimal,optimal,full_suboptimal,optimal,Optimal,manual,0,13.933,3,4,12.918969353333813,0,2603.0,manual|ai,True,False,
60,8,1,0,8,optimal|full_suboptimal,optimal,full_suboptimal,optimal,Optimal,manual,0,17.890000000000057,4,4,13.415315818893191,0,854.0000000000582,manual|ai,True,False,
60,9,2,1,1,optimal|full_suboptimal,optimal,full_suboptimal,full_suboptimal,Full Suboptimal,manual,0,15.139000000000058,3,4,11.889820992139462,0,2131.0,manual|ai,True,False,
60,10,2,1,2,optimal|full_suboptimal,optimal,full_suboptimal,full_suboptimal,Full Suboptimal,manual,0,13.895000000000058,3,4,12.954300107952449,0,1315.0,manual|ai,True,False,
60,11,2,1,3,optimal|full_suboptimal,optimal,full_suboptimal,full_suboptimal,Full Suboptimal,ai,1,55.912000000000056,4,4,4.292459579338957,1,1040.0,manual|ai,True,False,4.0
60,12,2,1,4,optimal|full_suboptimal,optimal,full_suboptimal,full_suboptimal,Full Suboptimal,ai,1,51.598,4,4,4.6513430753129965,1,1304.9999999999418,manual|ai,True,False,0.0
60,13,2,1,5,optimal|full_suboptimal,optimal,full_suboptimal,full_suboptimal,Full Suboptimal,manual,0,12.836999999999884,3,4,14.021967749474303,0,884.0,manual|ai,True,False,
60,14,2,1,6,optimal|full_suboptimal,optimal,full_suboptimal,full_suboptimal,Full Suboptimal,manual,0,12.081,4,4,19.865905140302957,0,890.0,manual|ai,True,False,
60,15,2,1,7,optimal|full_suboptimal,optimal,full_suboptimal,full_suboptimal,Full Suboptimal,manual,0,14.355,2,4,8.359456635318704,0,672.0,manual|ai,True,False,
60,16,2,1,8,optimal|full_suboptimal,optimal,full_suboptimal,full_suboptimal,Full Suboptimal,manual,0,18.290999999999883,4,4,13.12120715105798,0,756.0,manual|ai,True,False,
61,1,1,0,1,time_penalty|full_suboptimal,time_penalty,full_suboptimal,time_penalty,Time Penalty,manual,0,23.559000000059605,4,4,10.187189609040823,0,2581.900000035763,ai|manual,False,False,
61,2,1,0,2,time_penalty|full_suboptimal,time_penalty,full_suboptimal,time_penalty,Time Penalty,manual,0,30.1425,4,4,7.962179646678279,0,1717.0,ai|manual,False,False,
61,3,1,0,3,time_penalty|full_suboptimal,time_penalty,full_suboptimal,time_penalty,Time Penalty,ai,1,72.40709999996423,3,4,2.4859440579734433,0,832.7000000476837,ai|manual,False,False,7.0
61,4,1,0,4,time_penalty|full_suboptimal,time_penalty,full_suboptimal,time_penalty,Time Penalty,manual,0,16.071800000011923,4,4,14.932988215372388,0,950.4000000357628,ai|manual,False,False,
61,5,1,0,5,time_penalty|full_suboptimal,time_penalty,full_suboptimal,time_penalty,Time Penalty,manual,0,20.854799999952316,4,4,11.50814201049872,0,933.5,ai|manual,False,False,
61,6,1,0,6,time_penalty|full_suboptimal,time_penalty,full_suboptimal,time_penalty,Time Penalty,manual,0,15.958499999940395,4,4,15.039007425566089,0,1098.899999976158,ai|manual,False,False,
61,7,1,0,7,time_penalty|full_suboptimal,time_penalty,full_suboptimal,time_penalty,Time Penalty,manual,0,13.572,4,4,17.68346595932803,0,850.3999999761581,ai|manual,False,False,
61,8,1,0,8,time_penalty|full_suboptimal,time_penalty,full_suboptimal,time_penalty,Time Penalty,manual,0,18.139000000059603,4,4,13.231159380297226,0,715.3999999761581,ai|manual,False,False,
61,9,2,1,1,time_penalty|full_suboptimal,time_penalty,full_suboptimal,full_suboptimal,Full Suboptimal,manual,0,14.652100000083449,4,4,16.379904586962493,0,1167.4000000357628,ai|manual,False,False,
61,10,2,1,2,time_penalty|full_suboptimal,time_penalty,full_suboptimal,full_suboptimal,Full Suboptimal,manual,0,12.868200000047684,3,4,13.987970345451034,0,900.1000000238419,ai|manual,False,False,
61,11,2,1,3,time_penalty|full_suboptimal,time_penalty,full_suboptimal,full_suboptimal,Full Suboptimal,manual,0,16.577400000035762,4,4,14.477541713385827,0,800.5,ai|manual,False,False,
61,12,2,1,4,time_penalty|full_suboptimal,time_penalty,full_suboptimal,full_suboptimal,Full Suboptimal,manual,0,18.554600000023843,2,4,6.46739891993607,0,816.6999999880791,ai|manual,False,False,
61,13,2,1,5,time_penalty|full_suboptimal,time_penalty,full_suboptimal,full_suboptimal,Full Suboptimal,manual,0,15.510600000083446,4,4,15.47328923437577,0,715.1000000238419,ai|manual,False,False,
61,14,2,1,6,time_penalty|full_suboptimal,time_penalty,full_suboptimal,full_suboptimal,Full Suboptimal,manual,0,16.814400000035764,3,4,10.705109905772265,0,649.4000000357628,ai|manual,False,False,
61,15,2,1,7,time_penalty|full_suboptimal,time_penalty,full_suboptimal,full_suboptimal,Full Suboptimal,manual,0,15.169399999976156,4,4,15.821324508574977,0,667.0999999642372,ai|manual,False,False,
61,16,2,1,8,time_penalty|full_suboptimal,time_penalty,full_suboptimal,full_suboptimal,Full Suboptimal,manual,0,17.858499999940395,2,4,6.7194893188341975,0,2199.2999999523163,ai|manual,False,False,
62,1,1,0,1,time_penalty|full_suboptimal,time_penalty,full_suboptimal,time_penalty,Time Penalty,manual,0,21.51449999994039,3,4,8.3664505333844,0,3806.699999988079,manual|ai,True,False,
62,2,1,0,2,time_penalty|full_suboptimal,time_penalty,full_suboptimal,time_penalty,Time Penalty,ai,1,105.51139999997616,3,4,1.705976794924915,0,1455.699999988079,manual|ai,True,False,5.0
62,3,1,0,3,time_penalty|full_suboptimal,time_penalty,full_suboptimal,time_penalty,Time Penalty,ai,1,62.82739999997616,3,4,2.864992025773282,0,5415.800000011921,manual|ai,True,False,4.0
62,4,1,0,4,time_penalty|full_suboptimal,time_penalty,full_suboptimal,time_penalty,Time Penalty,ai,1,65.17460000008344,3,4,2.7618121169868255,0,1779.4000000357628,manual|ai,True,False,4.0
62,5,1,0,5,time_penalty|full_suboptimal,time_penalty,full_suboptimal,time_penalty,Time Penalty,ai,1,74.09110000002384,3,4,2.4294415928491015,0,1255.699999988079,manual|ai,True,False,7.0
62,6,1,0,6,time_penalty|full_suboptimal,time_penalty,full_suboptimal,time_penalty,Time Penalty,ai,1,80.4615,4,4,2.9827930128073676,0,1719.5999999642372,manual|ai,True,False,8.0
62,7,1,0,7,time_penalty|full_suboptimal,time_penalty,full_suboptimal,time_penalty,Time Penalty,ai,1,59.450100000023845,3,4,3.027749322539875,0,1192.100000023842,manual|ai,True,False,4.0
62,8,1,0,8,time_penalty|full_suboptimal,time_penalty,full_suboptimal,time_penalty,Time Penalty,manual,0,24.69780000001192,2,4,4.858732356725785,0,681.5999999642372,manual|ai,True,False,
62,9,2,1,1,time_penalty|full_suboptimal,time_penalty,full_suboptimal,full_suboptimal,Full Suboptimal,ai,1,63.40230000001192,1,4,0.9463379088769448,1,1218.9000000357628,manual|ai,True,False,8.0
62,10,2,1,2,time_penalty|full_suboptimal,time_penalty,full_suboptimal,full_suboptimal,Full Suboptimal,manual,0,22.06090000003576,4,4,10.878975925715222,0,2663.300000011921,manual|ai,True,False,
62,11,2,1,3,time_penalty|full_suboptimal,time_penalty,full_suboptimal,full_suboptimal,Full Suboptimal,manual,0,21.34630000001192,4,4,11.243166262999488,0,920.100000023842,manual|ai,True,False,
62,12,2,1,4,time_penalty|full_suboptimal,time_penalty,full_suboptimal,full_suboptimal,Full Suboptimal,manual,0,24.38530000001192,3,4,7.381496229282068,0,876.0,manual|ai,True,False,
62,13,2,1,5,time_penalty|full_suboptimal,time_penalty,full_suboptimal,full_suboptimal,Full Suboptimal,manual,0,20.361399999976157,3,4,8.84025656390085,0,727.5999999642372,manual|ai,True,False,
62,14,2,1,6,time_penalty|full_suboptimal,time_penalty,full_suboptimal,full_suboptimal,Full Suboptimal,manual,0,29.870199999928474,3,4,6.026072808365227,0,4223.800000011921,manual|ai,True,False,
62,15,2,1,7,time_penalty|full_suboptimal,time_penalty,full_suboptimal,full_suboptimal,Full Suboptimal,manual,0,22.82530000001192,3,4,7.885986164471266,0,1779.800000011921,manual|ai,True,False,
62,16,2,1,8,time_penalty|full_suboptimal,time_penalty,full_suboptimal,full_suboptimal,Full Suboptimal,manual,0,19.255,4,4,12.464294988314723,0,1859.7999999523165,manual|ai,True,False,
63,1,1,0,1,optimal|full_suboptimal,optimal,full_suboptimal,optimal,Optimal,ai,1,49.384800000001675,2,4,2.429897458327176,0,45585.299999999814,ai|manual,False,False,8.0
63,2,1,0,2,optimal|full_suboptimal,optimal,full_suboptimal,optimal,Optimal,manual,0,24.063599999998697,4,4,9.973570039396142,0,2249.7999999998137,ai|manual,False,False,
63,3,1,0,3,optimal|full_suboptimal,optimal,full_suboptimal,optimal,Optimal,manual,0,20.32560000000056,3,4,8.855827134254096,0,1321.0,ai|manual,False,False,
63,4,1,0,4,optimal|full_suboptimal,optimal,full_suboptimal,optimal,Optimal,ai,1,27.04110000000056,2,4,4.437689295183906,0,756.4000000003725,ai|manual,False,False,5.0
63,5,1,0,5,optimal|full_suboptimal,optimal,full_suboptimal,optimal,Optimal,manual,0,16.57500000000093,1,4,3.619909502262241,0,1184.9000000003723,ai|manual,False,False,
63,6,1,0,6,optimal|full_suboptimal,optimal,full_suboptimal,optimal,Optimal,ai,1,31.371700000001116,4,4,7.650207033727578,0,952.0,ai|manual,False,False,8.0
63,7,1,0,7,optimal|full_suboptimal,optimal,full_suboptimal,optimal,Optimal,ai,1,29.68059999999963,4,4,8.086089903843016,0,1282.0,ai|manual,False,False,9.0
63,8,1,0,8,optimal|full_suboptimal,optimal,full_suboptimal,optimal,Optimal,manual,0,17.347300000000747,3,4,10.376254517993708,0,1304.9000000003723,ai|manual,False,False,
63,9,2,1,1,optimal|full_suboptimal,optimal,full_suboptimal,full_suboptimal,Full Suboptimal,ai,1,65.99430000000075,4,4,3.636677713075179,1,1109.8999999994412,ai|manual,False,False,15.0
63,10,2,1,2,optimal|full_suboptimal,optimal,full_suboptimal,full_suboptimal,Full Suboptimal,manual,0,20.543200000000187,3,4,8.762023443280421,0,659.9000000003725,ai|manual,False,False,
63,11,2,1,3,optimal|full_suboptimal,optimal,full_suboptimal,full_suboptimal,Full Suboptimal,manual,0,16.149799999999814,3,4,11.14564886252474,0,712.0,ai|manual,False,False,
63,12,2,1,4,optimal|full_suboptimal,optimal,full_suboptimal,full_suboptimal,Full Suboptimal,ai,1,61.29149999999907,3,4,2.9367856880644583,1,659.9000000003725,ai|manual,False,False,16.0
63,13,2,1,5,optimal|full_suboptimal,optimal,full_suboptimal,full_suboptimal,Full Suboptimal,manual,0,16.363799999998882,3,4,10.99989000110074,0,1688.0,ai|manual,False,False,
63,14,2,1,6,optimal|full_suboptimal,optimal,full_suboptimal,full_suboptimal,Full Suboptimal,manual,0,13.703800000000744,4,4,17.513390446444557,0,847.8999999994412,ai|manual,False,False,
63,15,2,1,7,optimal|full_suboptimal,optimal,full_suboptimal,full_suboptimal,Full Suboptimal,manual,0,15.375099999998696,4,4,15.609654571353705,0,1043.0,ai|manual,False,False,
63,16,2,1,8,optimal|full_suboptimal,optimal,full_suboptimal,full_suboptimal,Full Suboptimal,manual,0,15.711200000001115,4,4,15.275726870002478,0,682.9000000003725,ai|manual,False,False,
64,1,1,0,1,time_penalty|full_suboptimal,time_penalty,full_suboptimal,time_penalty,Time Penalty,ai,1,76.62859999942779,4,4,3.1319898836960633,0,4559.400000095367,manual|ai,True,False,11.0
64,2,1,0,2,time_penalty|full_suboptimal,time_penalty,full_suboptimal,time_penalty,Time Penalty,manual,0,25.20510000038147,4,4,9.521882476021428,0,1817.1999998092651,manual|ai,True,False,
64,3,1,0,3,time_penalty|full_suboptimal,time_penalty,full_suboptimal,time_penalty,Time Penalty,manual,0,27.063799999713897,2,4,4.433967144350334,0,2127.800000190735,manual|ai,True,False,
64,4,1,0,4,time_penalty|full_suboptimal,time_penalty,full_suboptimal,time_penalty,Time Penalty,ai,1,61.5912000002861,3,4,2.9224954214102645,0,992.0,manual|ai,True,False,10.0
64,5,1,0,5,time_penalty|full_suboptimal,time_penalty,full_suboptimal,time_penalty,Time Penalty,manual,0,21.256900000095367,3,4,8.46783867822648,0,1543.2999997138977,manual|ai,True,False,
64,6,1,0,6,time_penalty|full_suboptimal,time_penalty,full_suboptimal,time_penalty,Time Penalty,ai,1,58.8982999997139,4,4,4.07482049568775,0,1119.9000000953674,manual|ai,True,False,10.0
64,7,1,0,7,time_penalty|full_suboptimal,time_penalty,full_suboptimal,time_penalty,Time Penalty,manual,0,21.611700000286103,4,4,11.10509585071155,0,1320.0,manual|ai,True,False,
64,8,1,0,8,time_penalty|full_suboptimal,time_penalty,full_suboptimal,time_penalty,Time Penalty,manual,0,21.749800000190735,3,4,8.275938169473811,0,1368.0,manual|ai,True,False,
64,9,2,1,1,time_penalty|full_suboptimal,time_penalty,full_suboptimal,full_suboptimal,Full Suboptimal,ai,1,60.18359999990463,3,4,2.99084800510912,1,1600.1999998092651,manual|ai,True,False,13.0
64,10,2,1,2,time_penalty|full_suboptimal,time_penalty,full_suboptimal,full_suboptimal,Full Suboptimal,manual,0,20.409900000572204,3,4,8.81924948162184,0,1335.8000001907349,manual|ai,True,False,
64,11,2,1,3,time_penalty|full_suboptimal,time_penalty,full_suboptimal,full_suboptimal,Full Suboptimal,ai,1,64.67859999942779,4,4,3.710655456397066,1,863.9000000953674,manual|ai,True,False,11.0
64,12,2,1,4,time_penalty|full_suboptimal,time_penalty,full_suboptimal,full_suboptimal,Full Suboptimal,manual,0,16.6092000002861,4,4,14.449822989419472,0,1463.0999999046326,manual|ai,True,False,
64,13,2,1,5,time_penalty|full_suboptimal,time_penalty,full_suboptimal,full_suboptimal,Full Suboptimal,manual,0,22.115,4,4,10.852362649785215,0,1063.8999996185305,manual|ai,True,False,
64,14,2,1,6,time_penalty|full_suboptimal,time_penalty,full_suboptimal,full_suboptimal,Full Suboptimal,manual,0,17.476599999904632,3,4,10.29948617013505,0,1439.9000000953674,manual|ai,True,False,
64,15,2,1,7,time_penalty|full_suboptimal,time_penalty,full_suboptimal,full_suboptimal,Full Suboptimal,ai,1,54.1435,3,4,3.324498785634471,1,935.0999999046326,manual|ai,True,False,3.0
64,16,2,1,8,time_penalty|full_suboptimal,time_penalty,full_suboptimal,full_suboptimal,Full Suboptimal,manual,0,17.869200000286103,3,4,10.073198576159989,0,1671.8999996185305,manual|ai,True,False,
65,1,1,0,1,optimal|full_suboptimal,optimal,full_suboptimal,optimal,Optimal,manual,0,19.74940000000596,4,4,12.152267916996344,0,4064.89999999851,manual|ai,True,False,
65,2,1,0,2,optimal|full_suboptimal,optimal,full_suboptimal,optimal,Optimal,ai,1,27.85829999998957,2,4,4.30751338021505,0,2078.0999999940395,manual|ai,True,False,7.0
65,3,1,0,3,optimal|full_suboptimal,optimal,full_suboptimal,optimal,Optimal,manual,0,16.60079999999702,4,4,14.457134595925684,0,1351.89999999851,manual|ai,True,False,
65,4,1,0,4,optimal|full_suboptimal,optimal,full_suboptimal,optimal,Optimal,manual,0,17.58640000000596,3,4,10.235181731334384,0,1262.7999999970198,manual|ai,True,False,
65,5,1,0,5,optimal|full_suboptimal,optimal,full_suboptimal,optimal,Optimal,ai,1,21.25220000001043,3,4,8.469711371053899,0,557.2000000029802,manual|ai,True,False,3.0
65,6,1,0,6,optimal|full_suboptimal,optimal,full_suboptimal,optimal,Optimal,manual,0,12.91420000000298,4,4,18.58419414287719,0,472.6000000014901,manual|ai,True,False,
65,7,1,0,7,optimal|full_suboptimal,optimal,full_suboptimal,optimal,Optimal,manual,0,17.379399999991058,3,4,10.3570894277186,0,1396.7999999970198,manual|ai,True,False,
65,8,1,0,8,optimal|full_suboptimal,optimal,full_suboptimal,optimal,Optimal,manual,0,12.580800000004473,3,4,14.30751621517996,0,534.7000000029802,manual|ai,True,False,
65,9,2,1,1,optimal|full_suboptimal,optimal,full_suboptimal,full_suboptimal,Full Suboptimal,ai,1,69.11539999999106,3,4,2.6043399879046247,1,899.8999999985099,manual|ai,True,False,20.0
65,10,2,1,2,optimal|full_suboptimal,optimal,full_suboptimal,full_suboptimal,Full Suboptimal,manual,0,12.9395,3,4,13.910893002047992,0,499.0,manual|ai,True,False,
65,11,2,1,3,optimal|full_suboptimal,optimal,full_suboptimal,full_suboptimal,Full Suboptimal,manual,0,15.83760000000149,4,4,15.153811183511229,0,695.8999999985099,manual|ai,True,False,
65,12,2,1,4,optimal|full_suboptimal,optimal,full_suboptimal,full_suboptimal,Full Suboptimal,manual,0,14.45979999999702,3,4,12.448304955811082,0,383.80000000447035,manual|ai,True,False,
65,13,2,1,5,optimal|full_suboptimal,optimal,full_suboptimal,full_suboptimal,Full Suboptimal,manual,0,17.52739999999851,4,4,13.692846628708216,0,671.8999999985099,manual|ai,True,False,
65,14,2,1,6,optimal|full_suboptimal,optimal,full_suboptimal,full_suboptimal,Full Suboptimal,manual,0,15.920900000013413,2,4,7.537262340690471,0,543.2999999970198,manual|ai,True,False,
65,15,2,1,7,optimal|full_suboptimal,optimal,full_suboptimal,full_suboptimal,Full Suboptimal,manual,0,18.23489999999851,2,4,6.580787391211896,0,484.1000000014901,manual|ai,True,False,
65,16,2,1,8,optimal|full_suboptimal,optimal,full_suboptimal,full_suboptimal,Full Suboptimal,manual,0,17.65400000000745,4,4,13.594652769904766,0,1171.8000000044703,manual|ai,True,False,
66,1,1,0,1,effort_penalty|full_suboptimal,effort_penalty,full_suboptimal,effort_penalty,Effort Penalty,manual,0,29.191,3,4,6.166284128669796,0,2756.0,ai|manual,False,False,
66,2,1,0,2,effort_penalty|full_suboptimal,effort_penalty,full_suboptimal,effort_penalty,Effort Penalty,ai,1,20.125,2,4,5.962732919254658,1,4342.0,ai|manual,False,False,0.0
66,3,1,0,3,effort_penalty|full_suboptimal,effort_penalty,full_suboptimal,effort_penalty,Effort Penalty,manual,0,18.393999999999885,4,4,13.047732956398908,0,1512.0,ai|manual,False,False,
66,4,1,0,4,effort_penalty|full_suboptimal,effort_penalty,full_suboptimal,effort_penalty,Effort Penalty,manual,0,22.42299999999994,3,4,8.027471792356083,0,3241.0,ai|manual,False,False,
66,5,1,0,5,effort_penalty|full_suboptimal,effort_penalty,full_suboptimal,effort_penalty,Effort Penalty,ai,1,19.70699999999994,2,4,6.089206880803793,1,2120.999999999942,ai|manual,False,False,0.0
66,6,1,0,6,effort_penalty|full_suboptimal,effort_penalty,full_suboptimal,effort_penalty,Effort Penalty,manual,0,14.432,4,4,16.62971175166297,0,1135.9999999999418,ai|manual,False,False,
66,7,1,0,7,effort_penalty|full_suboptimal,effort_penalty,full_suboptimal,effort_penalty,Effort Penalty,manual,0,17.001,4,4,14.116816657843655,0,990.0,ai|manual,False,False,
66,8,1,0,8,effort_penalty|full_suboptimal,effort_penalty,full_suboptimal,effort_penalty,Effort Penalty,manual,0,17.780999999999942,2,4,6.748776784207885,0,1339.0,ai|manual,False,False,
66,9,2,1,1,effort_penalty|full_suboptimal,effort_penalty,full_suboptimal,full_suboptimal,Full Suboptimal,ai,1,62.834,2,4,1.9097940605404715,1,1286.0,ai|manual,False,False,2.0
66,10,2,1,2,effort_penalty|full_suboptimal,effort_penalty,full_suboptimal,full_suboptimal,Full Suboptimal,ai,1,64.11100000000012,4,4,3.74350735443215,1,1978.9999999998836,ai|manual,False,False,12.0
66,11,2,1,3,effort_penalty|full_suboptimal,effort_penalty,full_suboptimal,full_suboptimal,Full Suboptimal,manual,0,18.283000000000115,4,4,13.126948531422553,0,910.0,ai|manual,False,False,
66,12,2,1,4,effort_penalty|full_suboptimal,effort_penalty,full_suboptimal,full_suboptimal,Full Suboptimal,manual,0,15.738999999999884,4,4,15.248745155346704,0,1509.0000000001164,ai|manual,False,False,
66,13,2,1,5,effort_penalty|full_suboptimal,effort_penalty,full_suboptimal,full_suboptimal,Full Suboptimal,manual,0,19.330000000000116,3,4,9.311950336264818,0,1307.0000000001164,ai|manual,False,False,
66,14,2,1,6,effort_penalty|full_suboptimal,effort_penalty,full_suboptimal,full_suboptimal,Full Suboptimal,manual,0,17.000000000000117,4,4,14.117647058823431,0,2317.0,ai|manual,False,False,
66,15,2,1,7,effort_penalty|full_suboptimal,effort_penalty,full_suboptimal,full_suboptimal,Full Suboptimal,manual,0,19.806,4,4,12.11754013935171,0,3974.0,ai|manual,False,False,
66,16,2,1,8,effort_penalty|full_suboptimal,effort_penalty,full_suboptimal,full_suboptimal,Full Suboptimal,manual,0,12.928,4,4,18.564356435643564,0,2050.0,ai|manual,False,False,
67,1,1,0,1,time_penalty|full_suboptimal,time_penalty,full_suboptimal,time_penalty,Time Penalty,ai,1,94.6854999998808,4,4,2.534707003715481,0,3191.5,ai|manual,False,False,10.0
67,2,1,0,2,time_penalty|full_suboptimal,time_penalty,full_suboptimal,time_penalty,Time Penalty,ai,1,103.99740000003575,4,4,2.30775000144155,0,1961.300000011921,ai|manual,False,False,7.0
67,3,1,0,3,time_penalty|full_suboptimal,time_penalty,full_suboptimal,time_penalty,Time Penalty,ai,1,85.48180000001192,4,4,2.807615188261906,0,922.6999999880792,ai|manual,False,False,11.0
67,4,1,0,4,time_penalty|full_suboptimal,time_penalty,full_suboptimal,time_penalty,Time Penalty,ai,1,83.33390000003577,3,4,2.1599853120989505,0,943.3000000119208,ai|manual,False,False,10.0
67,5,1,0,5,time_penalty|full_suboptimal,time_penalty,full_suboptimal,time_penalty,Time Penalty,ai,1,71.43139999991655,4,4,3.359866949272734,0,813.7999999523163,ai|manual,False,False,8.0
67,6,1,0,6,time_penalty|full_suboptimal,time_penalty,full_suboptimal,time_penalty,Time Penalty,ai,1,73.43779999995232,3,4,2.4510538169732325,0,2578.0,ai|manual,False,False,6.0
67,7,1,0,7,time_penalty|full_suboptimal,time_penalty,full_suboptimal,time_penalty,Time Penalty,manual,0,28.537,4,4,8.41013421172513,0,1754.899999976158,ai|manual,False,False,
67,8,1,0,8,time_penalty|full_suboptimal,time_penalty,full_suboptimal,time_penalty,Time Penalty,manual,0,26.99219999998808,1,4,2.222864383044972,0,1837.199999988079,ai|manual,False,False,
67,9,2,1,1,time_penalty|full_suboptimal,time_penalty,full_suboptimal,full_suboptimal,Full Suboptimal,ai,1,99.66030000007152,4,4,2.408180589460675,1,1878.600000023842,ai|manual,False,False,15.0
67,10,2,1,2,time_penalty|full_suboptimal,time_penalty,full_suboptimal,full_suboptimal,Full Suboptimal,ai,1,100.21560000002384,3,4,1.7961275490039192,1,3057.0,ai|manual,False,False,18.0
67,11,2,1,3,time_penalty|full_suboptimal,time_penalty,full_suboptimal,full_suboptimal,Full Suboptimal,ai,1,99.474,3,4,1.8095180650220155,1,9487.099999964235,ai|manual,False,False,17.0
67,12,2,1,4,time_penalty|full_suboptimal,time_penalty,full_suboptimal,full_suboptimal,Full Suboptimal,ai,1,112.28239999991656,4,4,2.137467670803068,1,640.3000000119209,ai|manual,False,False,21.0
67,13,2,1,5,time_penalty|full_suboptimal,time_penalty,full_suboptimal,full_suboptimal,Full Suboptimal,ai,1,119.24430000001192,4,4,2.012674819676714,1,2295.5,ai|manual,False,False,15.0
67,14,2,1,6,time_penalty|full_suboptimal,time_penalty,full_suboptimal,full_suboptimal,Full Suboptimal,ai,1,84.37739999997616,1,4,0.7110908845261521,1,1879.800000011921,ai|manual,False,False,25.0
67,15,2,1,7,time_penalty|full_suboptimal,time_penalty,full_suboptimal,full_suboptimal,Full Suboptimal,manual,0,30.154399999976157,4,4,7.959037487072857,0,1010.6999999880792,ai|manual,False,False,
67,16,2,1,8,time_penalty|full_suboptimal,time_penalty,full_suboptimal,full_suboptimal,Full Suboptimal,manual,0,19.931499999940396,4,4,12.041241251321662,0,907.399999976158,ai|manual,False,False,
68,1,1,0,1,time_penalty|full_suboptimal,time_penalty,full_suboptimal,time_penalty,Time Penalty,manual,0,44.34469999999553,3,4,4.059109656847789,0,4375.300000000745,manual|ai,True,False,
68,2,1,0,2,time_penalty|full_suboptimal,time_penalty,full_suboptimal,time_penalty,Time Penalty,manual,0,33.38299999999627,2,4,3.5946439804695025,0,6413.300000000745,manual|ai,True,False,
68,3,1,0,3,time_penalty|full_suboptimal,time_penalty,full_suboptimal,time_penalty,Time Penalty,ai,1,77.982,4,4,3.0776332999923057,0,19159.699999999255,manual|ai,True,False,5.0
68,4,1,0,4,time_penalty|full_suboptimal,time_penalty,full_suboptimal,time_penalty,Time Penalty,ai,1,70.8541000000015,3,4,2.5404316757957015,0,1801.9000000022352,manual|ai,True,False,8.0
68,5,1,0,5,time_penalty|full_suboptimal,time_penalty,full_suboptimal,time_penalty,Time Penalty,manual,0,44.17929999999702,4,4,5.432408390355126,0,1463.89999999851,manual|ai,True,False,
68,6,1,0,6,time_penalty|full_suboptimal,time_penalty,full_suboptimal,time_penalty,Time Penalty,manual,0,35.868,3,4,5.018400802944128,0,1026.10000000149,manual|ai,True,False,
68,7,1,0,7,time_penalty|full_suboptimal,time_penalty,full_suboptimal,time_penalty,Time Penalty,ai,1,67.30440000000223,4,4,3.565888708613286,0,1621.800000000745,manual|ai,True,False,9.0
68,8,1,0,8,time_penalty|full_suboptimal,time_penalty,full_suboptimal,time_penalty,Time Penalty,manual,0,42.63680000000075,3,4,4.221705193635471,0,2319.300000000745,manual|ai,True,False,
68,9,2,1,1,time_penalty|full_suboptimal,time_penalty,full_suboptimal,full_suboptimal,Full Suboptimal,ai,1,89.27380000000075,3,4,2.016269050942141,1,2629.300000000745,manual|ai,True,False,20.0
68,10,2,1,2,time_penalty|full_suboptimal,time_penalty,full_suboptimal,full_suboptimal,Full Suboptimal,manual,0,30.34740000000596,3,4,5.9313153680369535,0,1299.699999999255,manual|ai,True,False,
68,11,2,1,3,time_penalty|full_suboptimal,time_penalty,full_suboptimal,full_suboptimal,Full Suboptimal,manual,0,31.29439999999851,3,4,5.75182780305769,0,1025.699999999255,manual|ai,True,False,
68,12,2,1,4,time_penalty|full_suboptimal,time_penalty,full_suboptimal,full_suboptimal,Full Suboptimal,ai,1,80.37959999999777,2,4,1.4929161130436497,1,1291.4000000022352,manual|ai,True,False,18.0
68,13,2,1,5,time_penalty|full_suboptimal,time_penalty,full_suboptimal,full_suboptimal,Full Suboptimal,manual,0,33.37680000000447,4,4,7.190623427050162,0,1119.0,manual|ai,True,False,
68,14,2,1,6,time_penalty|full_suboptimal,time_penalty,full_suboptimal,full_suboptimal,Full Suboptimal,manual,0,38.44009999999404,3,4,4.682610086863143,0,939.60000000149,manual|ai,True,False,
68,15,2,1,7,time_penalty|full_suboptimal,time_penalty,full_suboptimal,full_suboptimal,Full Suboptimal,manual,0,29.785199999999257,4,4,8.05769308247069,0,891.3000000007451,manual|ai,True,False,
68,16,2,1,8,time_penalty|full_suboptimal,time_penalty,full_suboptimal,full_suboptimal,Full Suboptimal,manual,0,33.16290000000224,4,4,7.237002795291841,0,1017.3000000007452,manual|ai,True,False,
69,1,1,0,1,full_suboptimal|full_suboptimal,full_suboptimal,full_suboptimal,full_suboptimal,Full Suboptimal,manual,0,42.24539999999851,4,4,5.681091905864507,0,3293.800000000745,manual|ai,True,False,
69,2,1,0,2,full_suboptimal|full_suboptimal,full_suboptimal,full_suboptimal,full_suboptimal,Full Suboptimal,ai,1,83.583,4,4,2.8713972937080507,1,1881.9000000003723,manual|ai,True,False,16.0
69,3,1,0,3,full_suboptimal|full_suboptimal,full_suboptimal,full_suboptimal,full_suboptimal,Full Suboptimal,ai,1,109.30740000000225,3,4,1.646732060226447,1,1958.10000000149,manual|ai,True,False,23.0
69,4,1,0,4,full_suboptimal|full_suboptimal,full_suboptimal,full_suboptimal,full_suboptimal,Full Suboptimal,ai,1,102.55229999999702,3,4,1.7552019798678844,1,2748.800000000745,manual|ai,True,False,19.0
69,5,1,0,5,full_suboptimal|full_suboptimal,full_suboptimal,full_suboptimal,full_suboptimal,Full Suboptimal,manual,0,23.02099999999627,0,4,0.0,0,3822.0,manual|ai,True,False,
69,6,1,0,6,full_suboptimal|full_suboptimal,full_suboptimal,full_suboptimal,full_suboptimal,Full Suboptimal,ai,1,98.23219999999924,4,4,2.443190725648024,1,1259.699999999255,manual|ai,True,False,14.0
69,7,1,0,7,full_suboptimal|full_suboptimal,full_suboptimal,full_suboptimal,full_suboptimal,Full Suboptimal,ai,1,116.40270000000298,3,4,1.5463558834975082,1,1928.699999999255,manual|ai,True,False,16.0
69,8,1,0,8,full_suboptimal|full_suboptimal,full_suboptimal,full_suboptimal,full_suboptimal,Full Suboptimal,ai,1,142.17559999999776,4,4,1.6880533649937386,1,3327.599999997765,manual|ai,True,False,30.0
69,9,2,1,1,full_suboptimal|full_suboptimal,full_suboptimal,full_suboptimal,full_suboptimal,Full Suboptimal,ai,1,93.2271000000052,4,4,2.5743587433266355,1,2913.800000000745,manual|ai,True,False,10.0
69,10,2,1,2,full_suboptimal|full_suboptimal,full_suboptimal,full_suboptimal,full_suboptimal,Full Suboptimal,ai,1,94.7372999999933,4,4,2.533321088948249,1,2264.800000000745,manual|ai,True,False,12.0
69,11,2,1,3,full_suboptimal|full_suboptimal,full_suboptimal,full_suboptimal,full_suboptimal,Full Suboptimal,ai,1,152.21870000000297,4,4,1.5766788180426934,1,1616.39999999851,manual|ai,True,False,15.0
69,12,2,1,4,full_suboptimal|full_suboptimal,full_suboptimal,full_suboptimal,full_suboptimal,Full Suboptimal,ai,1,96.45999999999628,4,4,2.4880779597761693,1,2108.89999999851,manual|ai,True,False,20.0
69,13,2,1,5,full_suboptimal|full_suboptimal,full_suboptimal,full_suboptimal,full_suboptimal,Full Suboptimal,ai,1,102.22,4,4,2.347877127763647,1,1763.60000000149,manual|ai,True,False,20.0
69,14,2,1,6,full_suboptimal|full_suboptimal,full_suboptimal,full_suboptimal,full_suboptimal,Full Suboptimal,ai,1,95.0828999999985,3,4,1.893084876460466,1,1860.699999999255,manual|ai,True,False,17.0
69,15,2,1,7,full_suboptimal|full_suboptimal,full_suboptimal,full_suboptimal,full_suboptimal,Full Suboptimal,ai,1,83.47479999999702,4,4,2.875119197650172,1,1722.699999999255,manual|ai,True,False,15.0
69,16,2,1,8,full_suboptimal|full_suboptimal,full_suboptimal,full_suboptimal,full_suboptimal,Full Suboptimal,manual,0,30.102300000000746,4,4,7.97281270866326,0,1801.60000000149,manual|ai,True,False,
70,1,1,0,1,optimal|full_suboptimal,optimal,full_suboptimal,optimal,Optimal,ai,1,51.39670000000298,3,4,3.5021703728058333,0,1226.0,ai|manual,False,False,10.0
70,2,1,0,2,optimal|full_suboptimal,optimal,full_suboptimal,optimal,Optimal,ai,1,19.661,4,4,12.206907074919892,0,1093.7999999970198,ai|manual,False,False,1.0
70,3,1,0,3,optimal|full_suboptimal,optimal,full_suboptimal,optimal,Optimal,ai,1,20.515100000023843,3,4,8.77402498646318,0,2157.3999999910593,ai|manual,False,False,0.0
70,4,1,0,4,optimal|full_suboptimal,optimal,full_suboptimal,optimal,Optimal,ai,1,16.77420000000298,4,4,14.3076868047333,0,801.4000000059605,ai|manual,False,False,0.0
70,5,1,0,5,optimal|full_suboptimal,optimal,full_suboptimal,optimal,Optimal,ai,1,17.22809999999404,3,4,10.448047085869147,0,1788.300000011921,ai|manual,False,False,0.0
70,6,1,0,6,optimal|full_suboptimal,optimal,full_suboptimal,optimal,Optimal,ai,1,32.98020000000298,3,4,5.457820146632941,0,1069.7000000029802,ai|manual,False,False,4.0
70,7,1,0,7,optimal|full_suboptimal,optimal,full_suboptimal,optimal,Optimal,ai,1,18.58320000000298,4,4,12.914890869170083,0,1385.4000000059605,ai|manual,False,False,0.0
70,8,1,0,8,optimal|full_suboptimal,optimal,full_suboptimal,optimal,Optimal,ai,1,24.22779999999702,4,4,9.905975779890436,0,3292.8999999910593,ai|manual,False,False,1.0
70,9,2,1,1,optimal|full_suboptimal,optimal,full_suboptimal,full_suboptimal,Full Suboptimal,ai,1,58.63969999998808,4,4,4.092790379214914,1,6235.0,ai|manual,False,False,0.0
70,10,2,1,2,optimal|full_suboptimal,optimal,full_suboptimal,full_suboptimal,Full Suboptimal,ai,1,80.88460000000894,3,4,2.225392719998369,1,1579.2999999970198,ai|manual,False,False,3.0
70,11,2,1,3,optimal|full_suboptimal,optimal,full_suboptimal,full_suboptimal,Full Suboptimal,ai,1,66.52909999999405,3,4,2.7055829704597856,1,21645.5,ai|manual,False,False,0.0
70,12,2,1,4,optimal|full_suboptimal,optimal,full_suboptimal,full_suboptimal,Full Suboptimal,ai,1,54.8575,3,4,3.281228637834389,1,1195.1000000089407,ai|manual,False,False,2.0
70,13,2,1,5,optimal|full_suboptimal,optimal,full_suboptimal,full_suboptimal,Full Suboptimal,ai,1,68.22169999998808,3,4,2.63845667874051,1,3099.5,ai|manual,False,False,4.0
70,14,2,1,6,optimal|full_suboptimal,optimal,full_suboptimal,full_suboptimal,Full Suboptimal,ai,1,55.37990000002086,3,4,3.250276724947719,1,2834.20000000298,ai|manual,False,False,1.0
70,15,2,1,7,optimal|full_suboptimal,optimal,full_suboptimal,full_suboptimal,Full Suboptimal,ai,1,63.817,3,4,2.8205650531989908,1,915.6000000089408,ai|manual,False,False,3.0
70,16,2,1,8,optimal|full_suboptimal,optimal,full_suboptimal,full_suboptimal,Full Suboptimal,ai,1,120.13100000001492,3,4,1.4983642856546409,1,714.1000000089407,ai|manual,False,False,0.0
71,1,1,0,1,time_penalty|full_suboptimal,time_penalty,full_suboptimal,time_penalty,Time Penalty,ai,1,94.85790000003576,4,4,2.5301002868491658,0,3847.0,manual|ai,True,False,8.0
71,2,1,0,2,time_penalty|full_suboptimal,time_penalty,full_suboptimal,time_penalty,Time Penalty,ai,1,69.36619999995828,2,4,1.7299491683279775,0,1927.7999999821184,manual|ai,True,False,5.0
71,3,1,0,3,time_penalty|full_suboptimal,time_penalty,full_suboptimal,time_penalty,Time Penalty,ai,1,65.941,3,4,2.7297129251907006,0,1655.9000000059605,manual|ai,True,False,5.0
71,4,1,0,4,time_penalty|full_suboptimal,time_penalty,full_suboptimal,time_penalty,Time Penalty,ai,1,62.47619999995827,2,4,1.920731414523933,0,1359.800000011921,manual|ai,True,False,5.0
71,5,1,0,5,time_penalty|full_suboptimal,time_penalty,full_suboptimal,time_penalty,Time Penalty,ai,1,71.86340000000597,2,4,1.6698347141937346,0,3543.9000000059605,manual|ai,True,False,10.0
71,6,1,0,6,time_penalty|full_suboptimal,time_penalty,full_suboptimal,time_penalty,Time Penalty,ai,1,74.64529999998211,2,4,1.6076028899345136,0,3527.800000011921,manual|ai,True,False,10.0
71,7,1,0,7,time_penalty|full_suboptimal,time_penalty,full_suboptimal,time_penalty,Time Penalty,ai,1,63.821199999958274,3,4,2.8203794350485056,0,2327.9000000059605,manual|ai,True,False,10.0
71,8,1,0,8,time_penalty|full_suboptimal,time_penalty,full_suboptimal,time_penalty,Time Penalty,ai,1,58.46280000001192,2,4,2.0525872862739303,0,1159.899999976158,manual|ai,True,False,6.0
71,9,2,1,1,time_penalty|full_suboptimal,time_penalty,full_suboptimal,full_suboptimal,Full Suboptimal,ai,1,80.46879999998212,3,4,2.2368918139706317,1,1527.899999976158,manual|ai,True,False,18.0
71,10,2,1,2,time_penalty|full_suboptimal,time_penalty,full_suboptimal,full_suboptimal,Full Suboptimal,ai,1,64.87670000001788,3,4,2.774493770490028,1,1695.800000011921,manual|ai,True,False,11.0
71,11,2,1,3,time_penalty|full_suboptimal,time_penalty,full_suboptimal,full_suboptimal,Full Suboptimal,ai,1,86.68369999998808,2,4,1.384343307911597,1,2135.699999988079,manual|ai,True,False,22.0
71,12,2,1,4,time_penalty|full_suboptimal,time_penalty,full_suboptimal,full_suboptimal,Full Suboptimal,ai,1,76.80090000000597,4,4,3.124963379335155,1,983.9000000059604,manual|ai,True,False,15.0
71,13,2,1,5,time_penalty|full_suboptimal,time_penalty,full_suboptimal,full_suboptimal,Full Suboptimal,ai,1,75.00930000001192,3,4,2.3997024368974436,1,1527.9000000059605,manual|ai,True,False,17.0
71,14,2,1,6,time_penalty|full_suboptimal,time_penalty,full_suboptimal,full_suboptimal,Full Suboptimal,ai,1,78.15029999998212,4,4,3.071005485584251,1,1519.9000000059605,manual|ai,True,False,13.0
71,15,2,1,7,time_penalty|full_suboptimal,time_penalty,full_suboptimal,full_suboptimal,Full Suboptimal,ai,1,75.83010000002385,3,4,2.3737275831093907,1,2135.7000000178814,manual|ai,True,False,18.0
71,16,2,1,8,time_penalty|full_suboptimal,time_penalty,full_suboptimal,full_suboptimal,Full Suboptimal,ai,1,66.318,4,4,3.618926988148014,1,1399.7999999821186,manual|ai,True,False,9.0
72,1,1,0,1,effort_penalty|full_suboptimal,effort_penalty,full_suboptimal,effort_penalty,Effort Penalty,manual,0,17.947,4,4,13.37270853067365,0,2204.0,manual|ai,True,False,
72,2,1,0,2,effort_penalty|full_suboptimal,effort_penalty,full_suboptimal,effort_penalty,Effort Penalty,manual,0,17.556,3,4,10.252904989747094,0,1228.0,manual|ai,True,False,
72,3,1,0,3,effort_penalty|full_suboptimal,effort_penalty,full_suboptimal,effort_penalty,Effort Penalty,manual,0,15.274,4,4,15.712976299594082,0,1330.0,manual|ai,True,False,
72,4,1,0,4,effort_penalty|full_suboptimal,effort_penalty,full_suboptimal,effort_penalty,Effort Penalty,manual,0,13.914,3,4,12.9366106080207,0,1583.0,manual|ai,True,False,
72,5,1,0,5,effort_penalty|full_suboptimal,effort_penalty,full_suboptimal,effort_penalty,Effort Penalty,ai,1,30.36,2,4,3.9525691699604746,1,616.0,manual|ai,True,False,14.0
72,6,1,0,6,effort_penalty|full_suboptimal,effort_penalty,full_suboptimal,effort_penalty,Effort Penalty,manual,0,15.798,4,4,15.19179642992784,0,666.0,manual|ai,True,False,
72,7,1,0,7,effort_penalty|full_suboptimal,effort_penalty,full_suboptimal,effort_penalty,Effort Penalty,manual,0,16.475,3,4,10.925644916540213,0,981.0,manual|ai,True,False,
72,8,1,0,8,effort_penalty|full_suboptimal,effort_penalty,full_suboptimal,effort_penalty,Effort Penalty,manual,0,15.338,3,4,11.735558742991264,0,852.0,manual|ai,True,False,
72,9,2,1,1,effort_penalty|full_suboptimal,effort_penalty,full_suboptimal,full_suboptimal,Full Suboptimal,manual,0,19.398,4,4,12.372409526755336,0,2331.0,manual|ai,True,False,
72,10,2,1,2,effort_penalty|full_suboptimal,effort_penalty,full_suboptimal,full_suboptimal,Full Suboptimal,ai,1,70.724,4,4,3.3934732198405064,1,1038.0,manual|ai,True,False,13.0
72,11,2,1,3,effort_penalty|full_suboptimal,effort_penalty,full_suboptimal,full_suboptimal,Full Suboptimal,manual,0,18.726,4,4,12.81640499839795,0,873.0,manual|ai,True,False,
72,12,2,1,4,effort_penalty|full_suboptimal,effort_penalty,full_suboptimal,full_suboptimal,Full Suboptimal,manual,0,18.898,3,4,9.524817440999048,0,852.0,manual|ai,True,False,
72,13,2,1,5,effort_penalty|full_suboptimal,effort_penalty,full_suboptimal,full_suboptimal,Full Suboptimal,manual,0,14.244,3,4,12.636899747262005,0,1348.0,manual|ai,True,False,
72,14,2,1,6,effort_penalty|full_suboptimal,effort_penalty,full_suboptimal,full_suboptimal,Full Suboptimal,manual,0,14.754,4,4,16.26677511183408,0,1012.0,manual|ai,True,False,
72,15,2,1,7,effort_penalty|full_suboptimal,effort_penalty,full_suboptimal,full_suboptimal,Full Suboptimal,manual,0,14.798,3,4,12.16380591971888,0,929.0,manual|ai,True,False,
72,16,2,1,8,effort_penalty|full_suboptimal,effort_penalty,full_suboptimal,full_suboptimal,Full Suboptimal,manual,0,15.706,4,4,15.280784413599898,0,983.0,manual|ai,True,False,
73,1,1,0,1,time_penalty|full_suboptimal,time_penalty,full_suboptimal,time_penalty,Time Penalty,manual,0,31.287699999999955,2,4,3.8353730060055606,0,5915.900000000023,ai|manual,False,False,
73,2,1,0,2,time_penalty|full_suboptimal,time_penalty,full_suboptimal,time_penalty,Time Penalty,manual,0,19.392800000000047,4,4,12.375727073965566,0,1510.0999999999767,ai|manual,False,False,
73,3,1,0,3,time_penalty|full_suboptimal,time_penalty,full_suboptimal,time_penalty,Time Penalty,manual,0,18.10729999999993,4,4,13.254322842168678,0,1004.3000000000466,ai|manual,False,False,
73,4,1,0,4,time_penalty|full_suboptimal,time_penalty,full_suboptimal,time_penalty,Time Penalty,manual,0,19.832100000000093,2,4,6.050796436080871,0,960.7999999999302,ai|manual,False,False,
73,5,1,0,5,time_penalty|full_suboptimal,time_penalty,full_suboptimal,time_penalty,Time Penalty,manual,0,23.474499999999885,3,4,7.667894949839225,0,600.1999999999534,ai|manual,False,False,
73,6,1,0,6,time_penalty|full_suboptimal,time_penalty,full_suboptimal,time_penalty,Time Penalty,manual,0,16.377399999999792,3,4,10.990755553384682,0,697.7000000000698,ai|manual,False,False,
73,7,1,0,7,time_penalty|full_suboptimal,time_penalty,full_suboptimal,time_penalty,Time Penalty,manual,0,21.646800000000045,3,4,8.315316813570579,0,740.8000000000466,ai|manual,False,False,
73,8,1,0,8,time_penalty|full_suboptimal,time_penalty,full_suboptimal,time_penalty,Time Penalty,manual,0,15.436300000000047,3,4,11.660825456877584,0,750.5999999999767,ai|manual,False,False,
73,9,2,1,1,time_penalty|full_suboptimal,time_penalty,full_suboptimal,full_suboptimal,Full Suboptimal,ai,1,72.0635,3,4,2.49779708174041,1,1453.0,ai|manual,False,False,13.0
73,10,2,1,2,time_penalty|full_suboptimal,time_penalty,full_suboptimal,full_suboptimal,Full Suboptimal,manual,0,17.235099999999978,4,4,13.92507151104434,0,1423.0,ai|manual,False,False,
73,11,2,1,3,time_penalty|full_suboptimal,time_penalty,full_suboptimal,full_suboptimal,Full Suboptimal,manual,0,11.601600000000094,3,4,15.515101365328794,0,2051.0999999999767,ai|manual,False,False,
73,12,2,1,4,time_penalty|full_suboptimal,time_penalty,full_suboptimal,full_suboptimal,Full Suboptimal,manual,0,12.528900000000023,4,4,19.15571199387014,0,526.0,ai|manual,False,False,
73,13,2,1,5,time_penalty|full_suboptimal,time_penalty,full_suboptimal,full_suboptimal,Full Suboptimal,manual,0,14.918400000000023,3,4,12.065637065637048,0,523.0,ai|manual,False,False,
73,14,2,1,6,time_penalty|full_suboptimal,time_penalty,full_suboptimal,full_suboptimal,Full Suboptimal,manual,0,16.5695,2,4,7.242222155164609,0,651.1000000000931,ai|manual,False,False,
73,15,2,1,7,time_penalty|full_suboptimal,time_penalty,full_suboptimal,full_suboptimal,Full Suboptimal,manual,0,12.80390000000014,3,4,14.058216637118225,0,472.10000000009313,ai|manual,False,False,
73,16,2,1,8,time_penalty|full_suboptimal,time_penalty,full_suboptimal,full_suboptimal,Full Suboptimal,manual,0,13.6325,4,4,17.604988079955987,0,709.0,ai|manual,False,False,
74,1,1,0,1,full_suboptimal|full_suboptimal,full_suboptimal,full_suboptimal,full_suboptimal,Full Suboptimal,manual,0,22.124699999809263,2,4,5.423802356688882,0,2008.3000001907349,manual|ai,True,False,
74,2,1,0,2,full_suboptimal|full_suboptimal,full_suboptimal,full_suboptimal,full_suboptimal,Full Suboptimal,manual,0,34.06520000004768,2,4,3.522656552723366,0,1339.2999999523165,manual|ai,True,False,
74,3,1,0,3,full_suboptimal|full_suboptimal,full_suboptimal,full_suboptimal,full_suboptimal,Full Suboptimal,manual,0,20.71710000038147,3,4,8.688474738099714,0,1315.0,manual|ai,True,False,
74,4,1,0,4,full_suboptimal|full_suboptimal,full_suboptimal,full_suboptimal,full_suboptimal,Full Suboptimal,manual,0,29.769299999952317,2,4,4.03099837752961,0,1023.5,manual|ai,True,False,
74,5,1,0,5,full_suboptimal|full_suboptimal,full_suboptimal,full_suboptimal,full_suboptimal,Full Suboptimal,manual,0,20.68910000014305,3,4,8.700233456204254,0,1763.6000001430511,manual|ai,True,False,
74,6,1,0,6,full_suboptimal|full_suboptimal,full_suboptimal,full_suboptimal,full_suboptimal,Full Suboptimal,manual,0,21.842099999666218,4,4,10.9879544550967,0,823.0,manual|ai,True,False,
74,7,1,0,7,full_suboptimal|full_suboptimal,full_suboptimal,full_suboptimal,full_suboptimal,Full Suboptimal,manual,0,19.04099999952316,3,4,9.453285016779985,0,846.0999999046326,manual|ai,True,False,
74,8,1,0,8,full_suboptimal|full_suboptimal,full_suboptimal,full_suboptimal,full_suboptimal,Full Suboptimal,manual,0,24.1065,4,4,9.955821044116732,0,1023.8999998569489,manual|ai,True,False,
74,9,2,1,1,full_suboptimal|full_suboptimal,full_suboptimal,full_suboptimal,full_suboptimal,Full Suboptimal,manual,0,21.89309999990463,4,4,10.962358003254243,0,1277.0,manual|ai,True,False,
74,10,2,1,2,full_suboptimal|full_suboptimal,full_suboptimal,full_suboptimal,full_suboptimal,Full Suboptimal,manual,0,18.79939999961853,4,4,12.766364884244709,0,853.6999998092651,manual|ai,True,False,
74,11,2,1,3,full_suboptimal|full_suboptimal,full_suboptimal,full_suboptimal,full_suboptimal,Full Suboptimal,manual,0,20.032800000190736,3,4,8.985264166680953,0,661.6000001430511,manual|ai,True,False,
74,12,2,1,4,full_suboptimal|full_suboptimal,full_suboptimal,full_suboptimal,full_suboptimal,Full Suboptimal,manual,0,16.186900000095367,3,4,11.12010329333841,0,907.7999999523164,manual|ai,True,False,
74,13,2,1,5,full_suboptimal|full_suboptimal,full_suboptimal,full_suboptimal,full_suboptimal,Full Suboptimal,manual,0,18.7182999997139,3,4,9.616257886814038,0,838.3999998569489,manual|ai,True,False,
74,14,2,1,6,full_suboptimal|full_suboptimal,full_suboptimal,full_suboptimal,full_suboptimal,Full Suboptimal,manual,0,21.093799999952317,4,4,11.3777508083201,0,701.0,manual|ai,True,False,
74,15,2,1,7,full_suboptimal|full_suboptimal,full_suboptimal,full_suboptimal,full_suboptimal,Full Suboptimal,manual,0,13.275700000047683,3,4,13.558607079050708,0,801.5,manual|ai,True,False,
74,16,2,1,8,full_suboptimal|full_suboptimal,full_suboptimal,full_suboptimal,full_suboptimal,Full Suboptimal,manual,0,13.061300000190736,4,4,18.374893769877065,0,931.7999999523164,manual|ai,True,False,
75,1,1,0,1,optimal|full_suboptimal,optimal,full_suboptimal,optimal,Optimal,manual,0,79.64780000007153,3,4,2.2599494273518963,0,2765.0,ai|manual,False,False,
75,2,1,0,2,optimal|full_suboptimal,optimal,full_suboptimal,optimal,Optimal,ai,1,85.60140000009537,4,4,2.803692462970613,0,2191.899999976158,ai|manual,False,False,10.0
75,3,1,0,3,optimal|full_suboptimal,optimal,full_suboptimal,optimal,Optimal,manual,0,42.21929999995232,3,4,4.263452970565672,0,2113.7999999523163,ai|manual,False,False,
75,4,1,0,4,optimal|full_suboptimal,optimal,full_suboptimal,optimal,Optimal,ai,1,52.66510000014305,3,4,3.417823188402018,0,1797.7000000476835,ai|manual,False,False,8.0
75,5,1,0,5,optimal|full_suboptimal,optimal,full_suboptimal,optimal,Optimal,manual,0,41.3585,4,4,5.802918384370806,0,1415.8000000715256,ai|manual,False,False,
75,6,1,0,6,optimal|full_suboptimal,optimal,full_suboptimal,optimal,Optimal,ai,1,64.94420000016689,3,4,2.771610089885432,0,909.7000000476836,ai|manual,False,False,9.0
75,7,1,0,7,optimal|full_suboptimal,optimal,full_suboptimal,optimal,Optimal,manual,0,75.366,4,4,3.1844598360003187,0,2309.7000000476837,ai|manual,False,False,
75,8,1,0,8,optimal|full_suboptimal,optimal,full_suboptimal,optimal,Optimal,ai,1,40.53769999992848,3,4,4.4403111178068215,0,1439.399999976158,ai|manual,False,False,6.0
75,9,2,1,1,optimal|full_suboptimal,optimal,full_suboptimal,full_suboptimal,Full Suboptimal,manual,0,52.226300000071525,3,4,3.4465393872388717,0,1873.2999999523165,ai|manual,False,False,
75,10,2,1,2,optimal|full_suboptimal,optimal,full_suboptimal,full_suboptimal,Full Suboptimal,ai,1,123.48330000007152,3,4,1.4576869908716057,1,1316.399999976158,ai|manual,False,False,19.0
75,11,2,1,3,optimal|full_suboptimal,optimal,full_suboptimal,full_suboptimal,Full Suboptimal,manual,0,31.91940000009537,4,4,7.518938325885917,0,1957.600000023842,ai|manual,False,False,
75,12,2,1,4,optimal|full_suboptimal,optimal,full_suboptimal,full_suboptimal,Full Suboptimal,ai,1,127.88490000009536,3,4,1.407515664475366,1,804.2999999523163,ai|manual,False,False,28.0
75,13,2,1,5,optimal|full_suboptimal,optimal,full_suboptimal,full_suboptimal,Full Suboptimal,manual,0,34.05189999997616,2,4,3.5240324328476245,0,1373.7999999523165,ai|manual,False,False,
75,14,2,1,6,optimal|full_suboptimal,optimal,full_suboptimal,full_suboptimal,Full Suboptimal,ai,1,96.23770000004768,4,4,2.493825184931488,1,1975.9000000953672,ai|manual,False,False,14.0
75,15,2,1,7,optimal|full_suboptimal,optimal,full_suboptimal,full_suboptimal,Full Suboptimal,manual,0,40.066,2,4,2.9950581540458243,0,1677.9000000953674,ai|manual,False,False,
75,16,2,1,8,optimal|full_suboptimal,optimal,full_suboptimal,full_suboptimal,Full Suboptimal,ai,1,79.78669999992847,4,4,3.008020133684125,1,1929.8000000715256,ai|manual,False,False,15.0
76,1,1,0,1,full_suboptimal|full_suboptimal,full_suboptimal,full_suboptimal,full_suboptimal,Full Suboptimal,ai,1,84.78499999999255,0,4,0.0,1,6226.9000000059605,manual|ai,True,False,6.0
76,2,1,0,2,full_suboptimal|full_suboptimal,full_suboptimal,full_suboptimal,full_suboptimal,Full Suboptimal,manual,0,39.98089999999851,4,4,6.002866368691273,0,1416.89999999851,manual|ai,True,False,
76,3,1,0,3,full_suboptimal|full_suboptimal,full_suboptimal,full_suboptimal,full_suboptimal,Full Suboptimal,manual,0,21.51360000000149,3,4,8.366800535474654,0,2019.3000000044703,manual|ai,True,False,
76,4,1,0,4,full_suboptimal|full_suboptimal,full_suboptimal,full_suboptimal,full_suboptimal,Full Suboptimal,manual,0,29.98839999999106,4,4,8.003094529887274,0,1388.7000000029802,manual|ai,True,False,
76,5,1,0,5,full_suboptimal|full_suboptimal,full_suboptimal,full_suboptimal,full_suboptimal,Full Suboptimal,ai,1,66.12429999998957,4,4,3.629528025249989,1,829.7999999970198,manual|ai,True,False,12.0
76,6,1,0,6,full_suboptimal|full_suboptimal,full_suboptimal,full_suboptimal,full_suboptimal,Full Suboptimal,ai,1,62.30520000000298,4,4,3.852005932088951,1,2663.0,manual|ai,True,False,13.0
76,7,1,0,7,full_suboptimal|full_suboptimal,full_suboptimal,full_suboptimal,full_suboptimal,Full Suboptimal,ai,1,71.78770000000299,2,4,1.671595551884167,1,1224.89999999851,manual|ai,True,False,9.0
76,8,1,0,8,full_suboptimal|full_suboptimal,full_suboptimal,full_suboptimal,full_suboptimal,Full Suboptimal,manual,0,22.02339999999851,4,4,10.897499931891362,0,1265.5,manual|ai,True,False,
76,9,2,1,1,full_suboptimal|full_suboptimal,full_suboptimal,full_suboptimal,full_suboptimal,Full Suboptimal,manual,0,25.69880000000447,4,4,9.33895746104714,0,1538.7000000029802,manual|ai,True,False,
76,10,2,1,2,full_suboptimal|full_suboptimal,full_suboptimal,full_suboptimal,full_suboptimal,Full Suboptimal,manual,0,19.64520000000298,4,4,12.21672469610712,0,2388.89999999851,manual|ai,True,False,
76,11,2,1,3,full_suboptimal|full_suboptimal,full_suboptimal,full_suboptimal,full_suboptimal,Full Suboptimal,ai,1,66.63979999998956,2,4,1.800725692454341,1,850.0,manual|ai,True,False,6.0
76,12,2,1,4,full_suboptimal|full_suboptimal,full_suboptimal,full_suboptimal,full_suboptimal,Full Suboptimal,ai,1,70.60570000000298,3,4,2.549369243559548,1,1062.7999999970198,manual|ai,True,False,11.0
76,13,2,1,5,full_suboptimal|full_suboptimal,full_suboptimal,full_suboptimal,full_suboptimal,Full Suboptimal,manual,0,20.36520000000298,2,4,5.892404690353271,0,840.0,manual|ai,True,False,
76,14,2,1,6,full_suboptimal|full_suboptimal,full_suboptimal,full_suboptimal,full_suboptimal,Full Suboptimal,manual,0,21.23050000000745,1,4,2.8261227950344527,0,1143.89999999851,manual|ai,True,False,
76,15,2,1,7,full_suboptimal|full_suboptimal,full_suboptimal,full_suboptimal,full_suboptimal,Full Suboptimal,ai,1,63.71199999999255,4,4,3.766951280763876,1,1427.9000000059605,manual|ai,True,False,8.0
76,16,2,1,8,full_suboptimal|full_suboptimal,full_suboptimal,full_suboptimal,full_suboptimal,Full Suboptimal,ai,1,68.8435000000149,4,4,3.4861679025608527,1,931.39999999851,manual|ai,True,False,10.0
77,1,1,0,1,time_penalty|full_suboptimal,time_penalty,full_suboptimal,time_penalty,Time Penalty,manual,0,33.96629999989271,3,4,5.299370258184394,0,6006.600000023842,manual|ai,True,False,
77,2,1,0,2,time_penalty|full_suboptimal,time_penalty,full_suboptimal,time_penalty,Time Penalty,ai,1,84.95609999996424,2,4,1.4124942176023914,0,1263.2999999523165,manual|ai,True,False,9.0
77,3,1,0,3,time_penalty|full_suboptimal,time_penalty,full_suboptimal,time_penalty,Time Penalty,manual,0,32.90770000004768,4,4,7.293125924924934,0,1383.0,manual|ai,True,False,
77,4,1,0,4,time_penalty|full_suboptimal,time_penalty,full_suboptimal,time_penalty,Time Penalty,manual,0,36.00919999992848,4,4,6.664963398255909,0,3223.0,manual|ai,True,False,
77,5,1,0,5,time_penalty|full_suboptimal,time_penalty,full_suboptimal,time_penalty,Time Penalty,manual,0,33.5945,3,4,5.358019913974014,0,999.5999999642372,manual|ai,True,False,
77,6,1,0,6,time_penalty|full_suboptimal,time_penalty,full_suboptimal,time_penalty,Time Penalty,manual,0,23.241000000059604,4,4,10.326578030178757,0,3623.100000023842,manual|ai,True,False,
77,7,1,0,7,time_penalty|full_suboptimal,time_penalty,full_suboptimal,time_penalty,Time Penalty,manual,0,33.27959999996424,3,4,5.40871885479974,0,1191.2999999523165,manual|ai,True,False,
77,8,1,0,8,time_penalty|full_suboptimal,time_penalty,full_suboptimal,time_penalty,Time Penalty,manual,0,18.49169999998808,3,4,9.7340969191646,0,1647.600000023842,manual|ai,True,False,
77,9,2,1,1,time_penalty|full_suboptimal,time_penalty,full_suboptimal,full_suboptimal,Full Suboptimal,ai,1,99.90779999995232,2,4,1.201107421042774,1,3359.7000000476837,manual|ai,True,False,27.0
77,10,2,1,2,time_penalty|full_suboptimal,time_penalty,full_suboptimal,full_suboptimal,Full Suboptimal,manual,0,23.121600000023843,4,4,10.37990450486785,0,783.1000000238419,manual|ai,True,False,
77,11,2,1,3,time_penalty|full_suboptimal,time_penalty,full_suboptimal,full_suboptimal,Full Suboptimal,manual,0,34.98239999997616,3,4,5.145444566414045,0,775.5,manual|ai,True,False,
77,12,2,1,4,time_penalty|full_suboptimal,time_penalty,full_suboptimal,full_suboptimal,Full Suboptimal,manual,0,18.10509999990463,4,4,13.255933411097658,0,503.800000011921,manual|ai,True,False,
77,13,2,1,5,time_penalty|full_suboptimal,time_penalty,full_suboptimal,full_suboptimal,Full Suboptimal,manual,0,19.255599999904632,4,4,12.463906603854912,0,703.5,manual|ai,True,False,
77,14,2,1,6,time_penalty|full_suboptimal,time_penalty,full_suboptimal,full_suboptimal,Full Suboptimal,manual,0,26.563700000047685,4,4,9.0348859533713,0,816.0999999642372,manual|ai,True,False,
77,15,2,1,7,time_penalty|full_suboptimal,time_penalty,full_suboptimal,full_suboptimal,Full Suboptimal,manual,0,12.069600000023842,2,4,9.9423344601116,0,720.1000000238419,manual|ai,True,False,
77,16,2,1,8,time_penalty|full_suboptimal,time_penalty,full_suboptimal,full_suboptimal,Full Suboptimal,manual,0,23.78790000003576,2,4,5.044581488900643,0,1527.600000023842,manual|ai,True,False,
78,1,1,0,1,full_suboptimal|full_suboptimal,full_suboptimal,full_suboptimal,full_suboptimal,Full Suboptimal,ai,1,77.46819999992847,2,4,1.5490226957656277,1,3832.200000047684,manual|ai,True,False,25.0
78,2,1,0,2,full_suboptimal|full_suboptimal,full_suboptimal,full_suboptimal,full_suboptimal,Full Suboptimal,ai,1,70.65629999995231,3,4,2.547543531151808,1,2018.3000000715256,manual|ai,True,False,22.0
78,3,1,0,3,full_suboptimal|full_suboptimal,full_suboptimal,full_suboptimal,full_suboptimal,Full Suboptimal,ai,1,80.77210000014306,2,4,1.4856615093551793,1,1299.4000000953674,manual|ai,True,False,24.0
78,4,1,0,4,full_suboptimal|full_suboptimal,full_suboptimal,full_suboptimal,full_suboptimal,Full Suboptimal,ai,1,61.741099999904634,2,4,1.943599968257536,1,832.7999999523163,manual|ai,True,False,25.0
78,5,1,0,5,full_suboptimal|full_suboptimal,full_suboptimal,full_suboptimal,full_suboptimal,Full Suboptimal,ai,1,62.772199999928475,3,4,2.867511414291758,1,849.0,manual|ai,True,False,18.0
78,6,1,0,6,full_suboptimal|full_suboptimal,full_suboptimal,full_suboptimal,full_suboptimal,Full Suboptimal,ai,1,59.43839999985695,3,4,3.028345312128746,1,699.9000000953674,manual|ai,True,False,13.0
78,7,1,0,7,full_suboptimal|full_suboptimal,full_suboptimal,full_suboptimal,full_suboptimal,Full Suboptimal,ai,1,68.34029999995232,3,4,2.633877814410027,1,666.8999999761581,manual|ai,True,False,28.0
78,8,1,0,8,full_suboptimal|full_suboptimal,full_suboptimal,full_suboptimal,full_suboptimal,Full Suboptimal,ai,1,62.82619999992848,2,4,1.9100311653440225,1,916.0,manual|ai,True,False,26.0
78,9,2,1,1,full_suboptimal|full_suboptimal,full_suboptimal,full_suboptimal,full_suboptimal,Full Suboptimal,ai,1,52.854300000071525,4,4,4.540784761120197,1,2016.2999999523165,manual|ai,True,False,15.0
78,10,2,1,2,full_suboptimal|full_suboptimal,full_suboptimal,full_suboptimal,full_suboptimal,Full Suboptimal,ai,1,58.97680000007153,0,4,0.0,1,1850.0,manual|ai,True,False,17.0
78,11,2,1,3,full_suboptimal|full_suboptimal,full_suboptimal,full_suboptimal,full_suboptimal,Full Suboptimal,ai,1,57.33629999995232,4,4,4.1858299192692865,1,1033.5,manual|ai,True,False,13.0
78,12,2,1,4,full_suboptimal|full_suboptimal,full_suboptimal,full_suboptimal,full_suboptimal,Full Suboptimal,ai,1,53.05989999997616,3,4,3.392392371641878,1,1049.399999976158,manual|ai,True,False,16.0
78,13,2,1,5,full_suboptimal|full_suboptimal,full_suboptimal,full_suboptimal,full_suboptimal,Full Suboptimal,ai,1,62.39760000014305,4,4,3.846301780828907,1,2466.399999976158,manual|ai,True,False,19.0
78,14,2,1,6,full_suboptimal|full_suboptimal,full_suboptimal,full_suboptimal,full_suboptimal,Full Suboptimal,ai,1,48.92760000002384,4,4,4.905206877097651,1,633.7000000476837,manual|ai,True,False,14.0
78,15,2,1,7,full_suboptimal|full_suboptimal,full_suboptimal,full_suboptimal,full_suboptimal,Full Suboptimal,ai,1,54.87410000002384,1,4,1.0934120104015177,1,1166.5,manual|ai,True,False,14.0
78,16,2,1,8,full_suboptimal|full_suboptimal,full_suboptimal,full_suboptimal,full_suboptimal,Full Suboptimal,ai,1,60.13829999983311,2,4,1.9954006016188188,1,949.6999999284744,manual|ai,True,False,16.0
79,1,1,0,1,effort_penalty|full_suboptimal,effort_penalty,full_suboptimal,effort_penalty,Effort Penalty,manual,0,38.08390000000596,1,4,1.5754688989307977,0,2614.70000000298,ai|manual,False,False,
79,2,1,0,2,effort_penalty|full_suboptimal,effort_penalty,full_suboptimal,effort_penalty,Effort Penalty,ai,1,32.86759999997914,2,4,3.651011938811357,1,1119.7000000029802,ai|manual,False,False,8.0
79,3,1,0,3,effort_penalty|full_suboptimal,effort_penalty,full_suboptimal,effort_penalty,Effort Penalty,ai,1,55.45389999997616,2,4,2.1639596133013477,1,3119.70000000298,ai|manual,False,False,21.0
79,4,1,0,4,effort_penalty|full_suboptimal,effort_penalty,full_suboptimal,effort_penalty,Effort Penalty,manual,0,21.48909999999404,3,4,8.376339632653295,0,1527.8999999910593,ai|manual,False,False,
79,5,1,0,5,effort_penalty|full_suboptimal,effort_penalty,full_suboptimal,effort_penalty,Effort Penalty,manual,0,21.55070000000298,3,4,8.352396905899813,0,1335.7999999970198,ai|manual,False,False,
79,6,1,0,6,effort_penalty|full_suboptimal,effort_penalty,full_suboptimal,effort_penalty,Effort Penalty,ai,1,40.59460000000894,2,4,2.95605819493168,1,2159.5999999940395,ai|manual,False,False,15.0
79,7,1,0,7,effort_penalty|full_suboptimal,effort_penalty,full_suboptimal,effort_penalty,Effort Penalty,manual,0,16.927099999994038,4,4,14.178447578148916,0,1295.800000011921,ai|manual,False,False,
79,8,1,0,8,effort_penalty|full_suboptimal,effort_penalty,full_suboptimal,effort_penalty,Effort Penalty,manual,0,23.77690000000596,3,4,7.570372924979913,0,1055.7999999970198,ai|manual,False,False,
79,9,2,1,1,effort_penalty|full_suboptimal,effort_penalty,full_suboptimal,full_suboptimal,Full Suboptimal,manual,0,17.73439999999106,3,4,10.149765427648568,0,1104.6000000089407,ai|manual,False,False,
79,10,2,1,2,effort_penalty|full_suboptimal,effort_penalty,full_suboptimal,full_suboptimal,Full Suboptimal,manual,0,24.04709999999404,3,4,7.485310078971877,0,1319.7000000029802,ai|manual,False,False,
79,11,2,1,3,effort_penalty|full_suboptimal,effort_penalty,full_suboptimal,full_suboptimal,Full Suboptimal,ai,1,68.60379999999702,2,4,1.7491742439923912,1,1951.699999988079,ai|manual,False,False,18.0
79,12,2,1,4,effort_penalty|full_suboptimal,effort_penalty,full_suboptimal,full_suboptimal,Full Suboptimal,manual,0,16.63039999999106,2,4,7.215701366176671,0,1751.5999999940395,ai|manual,False,False,
79,13,2,1,5,effort_penalty|full_suboptimal,effort_penalty,full_suboptimal,full_suboptimal,Full Suboptimal,manual,0,18.55289999999106,4,4,12.935983053868434,0,719.7999999970198,ai|manual,False,False,
79,14,2,1,6,effort_penalty|full_suboptimal,effort_penalty,full_suboptimal,full_suboptimal,Full Suboptimal,manual,0,18.64320000000298,4,4,12.87332646755716,0,791.9000000059605,ai|manual,False,False,
79,15,2,1,7,effort_penalty|full_suboptimal,effort_penalty,full_suboptimal,full_suboptimal,Full Suboptimal,manual,0,20.041,3,4,8.981587745122498,0,2223.79999999702,ai|manual,False,False,
79,16,2,1,8,effort_penalty|full_suboptimal,effort_penalty,full_suboptimal,full_suboptimal,Full Suboptimal,manual,0,26.83130000001192,3,4,6.708582886402076,0,1287.5999999940395,ai|manual,False,False,
80,1,1,0,1,optimal|full_suboptimal,optimal,full_suboptimal,optimal,Optimal,manual,0,27.208,4,4,8.820935019112026,0,1535.0,ai|manual,False,False,
80,2,1,0,2,optimal|full_suboptimal,optimal,full_suboptimal,optimal,Optimal,manual,0,22.002,3,4,8.181074447777474,0,4048.0,ai|manual,False,False,
80,3,1,0,3,optimal|full_suboptimal,optimal,full_suboptimal,optimal,Optimal,ai,1,34.29,4,4,6.99912510936133,0,1239.0,ai|manual,False,False,4.0
80,4,1,0,4,optimal|full_suboptimal,optimal,full_suboptimal,optimal,Optimal,manual,0,22.014,4,4,10.902153175252112,0,865.0,ai|manual,False,False,
80,5,1,0,5,optimal|full_suboptimal,optimal,full_suboptimal,optimal,Optimal,manual,0,19.779,4,4,12.134081601698773,0,1215.0,ai|manual,False,False,
80,6,1,0,6,optimal|full_suboptimal,optimal,full_suboptimal,optimal,Optimal,manual,0,21.795,3,4,8.258774948382657,0,919.0,ai|manual,False,False,
80,7,1,0,7,optimal|full_suboptimal,optimal,full_suboptimal,optimal,Optimal,manual,0,16.847,4,4,14.245859796996497,0,1224.0,ai|manual,False,False,
80,8,1,0,8,optimal|full_suboptimal,optimal,full_suboptimal,optimal,Optimal,manual,0,25.667,3,4,7.01289593641641,0,918.0,ai|manual,False,False,
80,9,2,1,1,optimal|full_suboptimal,optimal,full_suboptimal,full_suboptimal,Full Suboptimal,manual,0,20.29,3,4,8.871365204534253,0,2968.0,ai|manual,False,False,
80,10,2,1,2,optimal|full_suboptimal,optimal,full_suboptimal,full_suboptimal,Full Suboptimal,manual,0,22.126,3,4,8.135225526529874,0,679.0,ai|manual,False,False,
80,11,2,1,3,optimal|full_suboptimal,optimal,full_suboptimal,full_suboptimal,Full Suboptimal,manual,0,16.297,3,4,11.04497760323986,0,1409.0,ai|manual,False,False,
80,12,2,1,4,optimal|full_suboptimal,optimal,full_suboptimal,full_suboptimal,Full Suboptimal,manual,0,15.658,3,4,11.4957210371695,0,728.0,ai|manual,False,False,
80,13,2,1,5,optimal|full_suboptimal,optimal,full_suboptimal,full_suboptimal,Full Suboptimal,manual,0,15.718,3,4,11.451838656317598,0,560.0,ai|manual,False,False,
80,14,2,1,6,optimal|full_suboptimal,optimal,full_suboptimal,full_suboptimal,Full Suboptimal,manual,0,14.976,4,4,16.025641025641026,0,1056.0,ai|manual,False,False,
80,15,2,1,7,optimal|full_suboptimal,optimal,full_suboptimal,full_suboptimal,Full Suboptimal,manual,0,22.72,3,4,7.922535211267606,0,1168.0,ai|manual,False,False,
80,16,2,1,8,optimal|full_suboptimal,optimal,full_suboptimal,full_suboptimal,Full Suboptimal,manual,0,16.17,4,4,14.842300556586268,0,1024.0,ai|manual,False,False,
81,1,1,0,1,optimal|full_suboptimal,optimal,full_suboptimal,optimal,Optimal,ai,1,39.03909999996424,2,4,3.073841353927471,0,1312.2000000178814,manual|ai,True,False,5.0
81,2,1,0,2,optimal|full_suboptimal,optimal,full_suboptimal,optimal,Optimal,ai,1,35.40380000004172,1,4,1.6947333337079438,0,966.7999999821186,manual|ai,True,False,9.0
81,3,1,0,3,optimal|full_suboptimal,optimal,full_suboptimal,optimal,Optimal,ai,1,27.21370000001788,2,4,4.409543722460421,0,1012.0,manual|ai,True,False,7.0
81,4,1,0,4,optimal|full_suboptimal,optimal,full_suboptimal,optimal,Optimal,ai,1,33.45920000001788,4,4,7.172915072681707,0,2946.9000000059605,manual|ai,True,False,7.0
81,5,1,0,5,optimal|full_suboptimal,optimal,full_suboptimal,optimal,Optimal,ai,1,30.096,4,4,7.974481658692185,0,779.3000000119209,manual|ai,True,False,6.0
81,6,1,0,6,optimal|full_suboptimal,optimal,full_suboptimal,optimal,Optimal,ai,1,26.90769999998808,4,4,8.919379954440785,0,877.0,manual|ai,True,False,5.0
81,7,1,0,7,optimal|full_suboptimal,optimal,full_suboptimal,optimal,Optimal,ai,1,25.77370000001788,3,4,6.983863395627136,0,697.7000000178814,manual|ai,True,False,5.0
81,8,1,0,8,optimal|full_suboptimal,optimal,full_suboptimal,optimal,Optimal,ai,1,30.81180000001192,3,4,5.841917706850309,0,793.0,manual|ai,True,False,6.0
81,9,2,1,1,optimal|full_suboptimal,optimal,full_suboptimal,full_suboptimal,Full Suboptimal,ai,1,59.09879999998212,3,4,3.0457471217698915,1,1828.4000000059605,manual|ai,True,False,17.0
81,10,2,1,2,optimal|full_suboptimal,optimal,full_suboptimal,full_suboptimal,Full Suboptimal,ai,1,61.38039999997616,3,4,2.932532208979901,1,1341.9000000059605,manual|ai,True,False,15.0
81,11,2,1,3,optimal|full_suboptimal,optimal,full_suboptimal,full_suboptimal,Full Suboptimal,ai,1,59.43240000000596,4,4,4.03820138510267,1,765.0999999940395,manual|ai,True,False,4.0
81,12,2,1,4,optimal|full_suboptimal,optimal,full_suboptimal,full_suboptimal,Full Suboptimal,ai,1,62.36370000001788,4,4,3.848392574525424,1,645.0,manual|ai,True,False,16.0
81,13,2,1,5,optimal|full_suboptimal,optimal,full_suboptimal,full_suboptimal,Full Suboptimal,ai,1,54.60139999997616,3,4,3.2966187680183765,1,689.5999999940395,manual|ai,True,False,17.0
81,14,2,1,6,optimal|full_suboptimal,optimal,full_suboptimal,full_suboptimal,Full Suboptimal,ai,1,54.6325,3,4,3.2947421406671853,1,966.8000000119208,manual|ai,True,False,12.0
81,15,2,1,7,optimal|full_suboptimal,optimal,full_suboptimal,full_suboptimal,Full Suboptimal,ai,1,50.3655,4,4,4.7651666319206605,1,1140.0,manual|ai,True,False,6.0
81,16,2,1,8,optimal|full_suboptimal,optimal,full_suboptimal,full_suboptimal,Full Suboptimal,ai,1,53.34109999996424,4,4,4.499344782919005,1,803.1000000238419,manual|ai,True,False,9.0
82,1,1,0,1,time_penalty|full_suboptimal,time_penalty,full_suboptimal,time_penalty,Time Penalty,manual,0,39.867099999666216,3,4,4.515001091163065,0,8300.899999856949,ai|manual,False,False,
82,2,1,0,2,time_penalty|full_suboptimal,time_penalty,full_suboptimal,time_penalty,Time Penalty,ai,1,97.96800000023842,4,4,2.4497795198372523,0,1972.7000000476835,ai|manual,False,False,3.0
82,3,1,0,3,time_penalty|full_suboptimal,time_penalty,full_suboptimal,time_penalty,Time Penalty,manual,0,27.88710000014305,4,4,8.606129715845997,0,1697.2999999523165,ai|manual,False,False,
82,4,1,0,4,time_penalty|full_suboptimal,time_penalty,full_suboptimal,time_penalty,Time Penalty,manual,0,37.1092999997139,1,4,1.6168453730052192,0,1205.7000000476835,ai|manual,False,False,
82,5,1,0,5,time_penalty|full_suboptimal,time_penalty,full_suboptimal,time_penalty,Time Penalty,manual,0,26.418200000286102,4,4,9.084646190785174,0,1094.2999999523165,ai|manual,False,False,
82,6,1,0,6,time_penalty|full_suboptimal,time_penalty,full_suboptimal,time_penalty,Time Penalty,manual,0,29.640300000190734,4,4,8.09708403755885,0,4896.599999904633,ai|manual,False,False,
82,7,1,0,7,time_penalty|full_suboptimal,time_penalty,full_suboptimal,time_penalty,Time Penalty,manual,0,23.634,4,4,10.154861640010155,0,2527.599999904633,ai|manual,False,False,
82,8,1,0,8,time_penalty|full_suboptimal,time_penalty,full_suboptimal,time_penalty,Time Penalty,manual,0,19.721899999856948,4,4,12.169212905538554,0,7484.0,ai|manual,False,False,
82,9,2,1,1,time_penalty|full_suboptimal,time_penalty,full_suboptimal,full_suboptimal,Full Suboptimal,manual,0,36.04190000033378,2,4,3.329458213881307,0,1311.7000000476835,ai|manual,False,False,
82,10,2,1,2,time_penalty|full_suboptimal,time_penalty,full_suboptimal,full_suboptimal,Full Suboptimal,manual,0,24.500300000190737,3,4,7.346848814038959,0,989.5999999046326,ai|manual,False,False,
82,11,2,1,3,time_penalty|full_suboptimal,time_penalty,full_suboptimal,full_suboptimal,Full Suboptimal,manual,0,21.786700000047684,4,4,11.015895018496364,0,1004.7000000476836,ai|manual,False,False,
82,12,2,1,4,time_penalty|full_suboptimal,time_penalty,full_suboptimal,full_suboptimal,Full Suboptimal,manual,0,21.052899999856947,4,4,11.39985465193065,0,1259.6000001430511,ai|manual,False,False,
82,13,2,1,5,time_penalty|full_suboptimal,time_penalty,full_suboptimal,full_suboptimal,Full Suboptimal,manual,0,22.005000000238415,3,4,8.179959100115871,0,2204.599999904633,ai|manual,False,False,
82,14,2,1,6,time_penalty|full_suboptimal,time_penalty,full_suboptimal,full_suboptimal,Full Suboptimal,manual,0,20.59939999985695,2,4,5.825412390692609,0,1687.9000000953674,ai|manual,False,False,
82,15,2,1,7,time_penalty|full_suboptimal,time_penalty,full_suboptimal,full_suboptimal,Full Suboptimal,manual,0,19.98420000004768,3,4,9.007115621319368,0,4290.0,ai|manual,False,False,
82,16,2,1,8,time_penalty|full_suboptimal,time_penalty,full_suboptimal,full_suboptimal,Full Suboptimal,manual,0,17.25309999990463,4,4,13.910543612529148,0,1627.5,ai|manual,False,False,
83,1,1,0,1,time_penalty|full_suboptimal,time_penalty,full_suboptimal,time_penalty,Time Penalty,manual,0,38.411399999994785,3,4,4.686108811447238,0,2222.599999997765,manual|ai,True,False,
83,2,1,0,2,time_penalty|full_suboptimal,time_penalty,full_suboptimal,time_penalty,Time Penalty,ai,1,65.27530000000074,4,4,3.6767353041655464,0,1595.10000000149,manual|ai,True,False,7.0
83,3,1,0,3,time_penalty|full_suboptimal,time_penalty,full_suboptimal,time_penalty,Time Penalty,manual,0,17.278499999996274,1,4,3.472523656568159,0,6355.89999999851,manual|ai,True,False,
83,4,1,0,4,time_penalty|full_suboptimal,time_penalty,full_suboptimal,time_penalty,Time Penalty,ai,1,57.96,3,4,3.1055900621118013,0,1256.9000000022352,manual|ai,True,False,5.0
83,5,1,0,5,time_penalty|full_suboptimal,time_penalty,full_suboptimal,time_penalty,Time Penalty,manual,0,26.55070000000298,3,4,6.779482273536283,0,854.0,manual|ai,True,False,
83,6,1,0,6,time_penalty|full_suboptimal,time_penalty,full_suboptimal,time_penalty,Time Penalty,ai,1,59.89690000000223,3,4,3.005163873255432,0,728.0,manual|ai,True,False,5.0
83,7,1,0,7,time_penalty|full_suboptimal,time_penalty,full_suboptimal,time_penalty,Time Penalty,manual,0,17.124000000003726,2,4,7.007708479325736,0,829.7999999970198,manual|ai,True,False,
83,8,1,0,8,time_penalty|full_suboptimal,time_penalty,full_suboptimal,time_penalty,Time Penalty,manual,0,17.41410000000149,4,4,13.781935328267291,0,1126.89999999851,manual|ai,True,False,
83,9,2,1,1,time_penalty|full_suboptimal,time_penalty,full_suboptimal,full_suboptimal,Full Suboptimal,manual,0,20.078600000005217,4,4,11.953024613266743,0,1646.7999999970198,manual|ai,True,False,
83,10,2,1,2,time_penalty|full_suboptimal,time_penalty,full_suboptimal,full_suboptimal,Full Suboptimal,ai,1,61.04100000000373,2,4,1.96589177765752,1,671.9000000022352,manual|ai,True,False,11.0
83,11,2,1,3,time_penalty|full_suboptimal,time_penalty,full_suboptimal,full_suboptimal,Full Suboptimal,manual,0,17.826400000002234,3,4,10.09738365570039,0,656.0999999977648,manual|ai,True,False,
83,12,2,1,4,time_penalty|full_suboptimal,time_penalty,full_suboptimal,full_suboptimal,Full Suboptimal,manual,0,20.65579999999702,2,4,5.809506288791396,0,538.8999999985099,manual|ai,True,False,
83,13,2,1,5,time_penalty|full_suboptimal,time_penalty,full_suboptimal,full_suboptimal,Full Suboptimal,manual,0,21.34940000000223,3,4,8.431150289937008,0,517.8000000007451,manual|ai,True,False,
83,14,2,1,6,time_penalty|full_suboptimal,time_penalty,full_suboptimal,full_suboptimal,Full Suboptimal,manual,0,22.33700000000745,2,4,5.37225231678202,0,539.7999999970198,manual|ai,True,False,
83,15,2,1,7,time_penalty|full_suboptimal,time_penalty,full_suboptimal,full_suboptimal,Full Suboptimal,manual,0,15.80239999999851,4,4,15.18756644560463,0,705.8000000007451,manual|ai,True,False,
83,16,2,1,8,time_penalty|full_suboptimal,time_penalty,full_suboptimal,full_suboptimal,Full Suboptimal,manual,0,12.846099999997763,4,4,18.6827130413154,0,633.4000000022352,manual|ai,True,False,
84,1,1,0,1,effort_penalty|full_suboptimal,effort_penalty,full_suboptimal,effort_penalty,Effort Penalty,ai,1,44.83740000009536,4,4,5.352674329900697,1,5363.5,ai|manual,False,False,13.0
84,2,1,0,2,effort_penalty|full_suboptimal,effort_penalty,full_suboptimal,effort_penalty,Effort Penalty,manual,0,29.55450000011921,1,4,2.030147693236495,0,1061.899999976158,ai|manual,False,False,
84,3,1,0,3,effort_penalty|full_suboptimal,effort_penalty,full_suboptimal,effort_penalty,Effort Penalty,ai,1,48.67399999988079,4,4,4.930763857513001,1,942.0,ai|manual,False,False,17.0
84,4,1,0,4,effort_penalty|full_suboptimal,effort_penalty,full_suboptimal,effort_penalty,Effort Penalty,manual,0,19.46919999992847,4,4,12.327162903503057,0,2558.399999976158,ai|manual,False,False,
84,5,1,0,5,effort_penalty|full_suboptimal,effort_penalty,full_suboptimal,effort_penalty,Effort Penalty,manual,0,15.981699999809264,4,4,15.01717589510905,0,1239.2999999523165,ai|manual,False,False,
84,6,1,0,6,effort_penalty|full_suboptimal,effort_penalty,full_suboptimal,effort_penalty,Effort Penalty,manual,0,15.370200000047683,4,4,15.614630909113442,0,2622.099999904633,ai|manual,False,False,
84,7,1,0,7,effort_penalty|full_suboptimal,effort_penalty,full_suboptimal,effort_penalty,Effort Penalty,manual,0,15.1555,4,4,15.835835175348883,0,2422.399999976158,ai|manual,False,False,
84,8,1,0,8,effort_penalty|full_suboptimal,effort_penalty,full_suboptimal,effort_penalty,Effort Penalty,ai,1,23.66960000002384,4,4,10.13958833270348,1,871.0,ai|manual,False,False,10.0
84,9,2,1,1,effort_penalty|full_suboptimal,effort_penalty,full_suboptimal,full_suboptimal,Full Suboptimal,ai,1,64.94810000002384,3,4,2.771443660398594,1,1287.8000000715256,ai|manual,False,False,12.0
84,10,2,1,2,effort_penalty|full_suboptimal,effort_penalty,full_suboptimal,full_suboptimal,Full Suboptimal,manual,0,16.44260000002384,3,4,10.947173804613564,0,919.100000023842,ai|manual,False,False,
84,11,2,1,3,effort_penalty|full_suboptimal,effort_penalty,full_suboptimal,full_suboptimal,Full Suboptimal,manual,0,12.406299999833108,4,4,19.34501019669269,0,495.60000002384186,ai|manual,False,False,
84,12,2,1,4,effort_penalty|full_suboptimal,effort_penalty,full_suboptimal,full_suboptimal,Full Suboptimal,manual,0,15.385199999928474,3,4,11.699555416948549,0,551.8999999761581,ai|manual,False,False,
84,13,2,1,5,effort_penalty|full_suboptimal,effort_penalty,full_suboptimal,full_suboptimal,Full Suboptimal,manual,0,17.483700000047683,4,4,13.72707150084624,0,495.10000002384186,ai|manual,False,False,
84,14,2,1,6,effort_penalty|full_suboptimal,effort_penalty,full_suboptimal,full_suboptimal,Full Suboptimal,manual,0,18.808200000047684,3,4,9.570293807995643,0,688.1000000238419,ai|manual,False,False,
84,15,2,1,7,effort_penalty|full_suboptimal,effort_penalty,full_suboptimal,full_suboptimal,Full Suboptimal,manual,0,16.580800000071527,3,4,10.855929750025542,0,2647.2999999523163,ai|manual,False,False,
84,16,2,1,8,effort_penalty|full_suboptimal,effort_penalty,full_suboptimal,full_suboptimal,Full Suboptimal,manual,0,15.595,4,4,15.389547932029496,0,709.3000000715256,ai|manual,False,False,
85,1,1,0,1,effort_penalty|full_suboptimal,effort_penalty,full_suboptimal,effort_penalty,Effort Penalty,ai,1,57.33890000003576,3,4,3.13923008637919,1,11232.600000023842,manual|ai,True,False,16.0
85,2,1,0,2,effort_penalty|full_suboptimal,effort_penalty,full_suboptimal,effort_penalty,Effort Penalty,manual,0,40.68540000003576,4,4,5.89892197200443,0,2299.699999988079,manual|ai,True,False,
85,3,1,0,3,effort_penalty|full_suboptimal,effort_penalty,full_suboptimal,effort_penalty,Effort Penalty,manual,0,24.38310000002384,2,4,4.9214414902076715,0,1883.800000011921,manual|ai,True,False,
85,4,1,0,4,effort_penalty|full_suboptimal,effort_penalty,full_suboptimal,effort_penalty,Effort Penalty,ai,1,32.860899999976155,4,4,7.303512685293895,1,1750.199999988079,manual|ai,True,False,17.0
85,5,1,0,5,effort_penalty|full_suboptimal,effort_penalty,full_suboptimal,effort_penalty,Effort Penalty,ai,1,41.801900000035765,2,4,2.8706829115398422,1,2066.5,manual|ai,True,False,13.0
85,6,1,0,6,effort_penalty|full_suboptimal,effort_penalty,full_suboptimal,effort_penalty,Effort Penalty,manual,0,23.2595,4,4,10.318364539220534,0,1682.5,manual|ai,True,False,
85,7,1,0,7,effort_penalty|full_suboptimal,effort_penalty,full_suboptimal,effort_penalty,Effort Penalty,manual,0,17.235499999940394,4,4,13.924748339231815,0,1166.5,manual|ai,True,False,
85,8,1,0,8,effort_penalty|full_suboptimal,effort_penalty,full_suboptimal,effort_penalty,Effort Penalty,manual,0,20.622600000083448,3,4,8.728288382612844,0,1150.5,manual|ai,True,False,
85,9,2,1,1,effort_penalty|full_suboptimal,effort_penalty,full_suboptimal,full_suboptimal,Full Suboptimal,manual,0,21.747499999940395,4,4,11.035751235804474,0,3733.300000011921,manual|ai,True,False,
85,10,2,1,2,effort_penalty|full_suboptimal,effort_penalty,full_suboptimal,full_suboptimal,Full Suboptimal,manual,0,31.51910000002384,3,4,5.7108229613112,0,1049.5,manual|ai,True,False,
85,11,2,1,3,effort_penalty|full_suboptimal,effort_penalty,full_suboptimal,full_suboptimal,Full Suboptimal,manual,0,20.885099999964236,4,4,11.491446054862603,0,1549.5,manual|ai,True,False,
85,12,2,1,4,effort_penalty|full_suboptimal,effort_penalty,full_suboptimal,full_suboptimal,Full Suboptimal,manual,0,16.094300000071527,3,4,11.184083806018284,0,1166.7999999523165,manual|ai,True,False,
85,13,2,1,5,effort_penalty|full_suboptimal,effort_penalty,full_suboptimal,full_suboptimal,Full Suboptimal,ai,1,70.49279999995231,3,4,2.5534522674673408,1,1183.5,manual|ai,True,False,16.0
85,14,2,1,6,effort_penalty|full_suboptimal,effort_penalty,full_suboptimal,full_suboptimal,Full Suboptimal,manual,0,15.39980000001192,4,4,15.584617982039653,0,765.3000000119209,manual|ai,True,False,
85,15,2,1,7,effort_penalty|full_suboptimal,effort_penalty,full_suboptimal,full_suboptimal,Full Suboptimal,manual,0,17.588600000023842,4,4,13.645202005826198,0,1065.899999976158,manual|ai,True,False,
85,16,2,1,8,effort_penalty|full_suboptimal,effort_penalty,full_suboptimal,full_suboptimal,Full Suboptimal,manual,0,20.51090000003576,4,4,11.701095515047196,0,966.0999999642372,manual|ai,True,False,
86,1,1,0,1,effort_penalty|full_suboptimal,effort_penalty,full_suboptimal,effort_penalty,Effort Penalty,manual,0,36.56770000000298,2,4,3.281584567801372,0,4048.8999999910593,manual|ai,True,False,
86,2,1,0,2,effort_penalty|full_suboptimal,effort_penalty,full_suboptimal,effort_penalty,Effort Penalty,manual,0,29.2944999999851,4,4,8.192664151978088,0,2339.6000000089407,manual|ai,True,False,
86,3,1,0,3,effort_penalty|full_suboptimal,effort_penalty,full_suboptimal,effort_penalty,Effort Penalty,ai,1,36.39929999998212,2,4,3.2967666960644557,1,2550.29999999702,manual|ai,True,False,4.0
86,4,1,0,4,effort_penalty|full_suboptimal,effort_penalty,full_suboptimal,effort_penalty,Effort Penalty,manual,0,24.89910000000894,3,4,7.229176958200713,0,1161.800000011921,manual|ai,True,False,
86,5,1,0,5,effort_penalty|full_suboptimal,effort_penalty,full_suboptimal,effort_penalty,Effort Penalty,manual,0,22.52570000000298,4,4,10.654496863581077,0,2716.0,manual|ai,True,False,
86,6,1,0,6,effort_penalty|full_suboptimal,effort_penalty,full_suboptimal,effort_penalty,Effort Penalty,manual,0,23.18109999999404,4,4,10.353261924587777,0,1374.7000000029802,manual|ai,True,False,
86,7,1,0,7,effort_penalty|full_suboptimal,effort_penalty,full_suboptimal,effort_penalty,Effort Penalty,manual,0,23.44560000000894,1,4,2.55911556965815,0,1414.1000000089407,manual|ai,True,False,
86,8,1,0,8,effort_penalty|full_suboptimal,effort_penalty,full_suboptimal,effort_penalty,Effort Penalty,manual,0,24.82859999999404,4,4,9.66627196056393,0,1656.9000000059605,manual|ai,True,False,
86,9,2,1,1,effort_penalty|full_suboptimal,effort_penalty,full_suboptimal,full_suboptimal,Full Suboptimal,manual,0,18.01369999998808,4,4,13.323192903188062,0,1481.5,manual|ai,True,False,
86,10,2,1,2,effort_penalty|full_suboptimal,effort_penalty,full_suboptimal,full_suboptimal,Full Suboptimal,manual,0,20.736199999973177,3,4,8.680471831880133,0,1397.2000000029802,manual|ai,True,False,
86,11,2,1,3,effort_penalty|full_suboptimal,effort_penalty,full_suboptimal,full_suboptimal,Full Suboptimal,manual,0,21.23870000000298,4,4,11.30012665558468,0,1376.0999999940395,manual|ai,True,False,
86,12,2,1,4,effort_penalty|full_suboptimal,effort_penalty,full_suboptimal,full_suboptimal,Full Suboptimal,ai,1,55.77940000000597,2,4,2.151331853694862,1,1405.0999999940395,manual|ai,True,False,1.0
86,13,2,1,5,effort_penalty|full_suboptimal,effort_penalty,full_suboptimal,full_suboptimal,Full Suboptimal,manual,0,16.11359999999404,4,4,14.894250819189304,0,1822.1000000089407,manual|ai,True,False,
86,14,2,1,6,effort_penalty|full_suboptimal,effort_penalty,full_suboptimal,full_suboptimal,Full Suboptimal,manual,0,15.99,2,4,7.5046904315197,0,1342.9000000059605,manual|ai,True,False,
86,15,2,1,7,effort_penalty|full_suboptimal,effort_penalty,full_suboptimal,full_suboptimal,Full Suboptimal,manual,0,25.58370000000298,2,4,4.690486520713814,0,1321.6000000089407,manual|ai,True,False,
86,16,2,1,8,effort_penalty|full_suboptimal,effort_penalty,full_suboptimal,full_suboptimal,Full Suboptimal,manual,0,24.75129999999702,3,4,7.272345290955291,0,1791.7000000029802,manual|ai,True,False,
87,1,1,0,1,optimal|full_suboptimal,optimal,full_suboptimal,optimal,Optimal,ai,1,42.941900000035766,3,4,4.191710194468574,0,8901.600000023842,ai|manual,False,False,7.0
87,2,1,0,2,optimal|full_suboptimal,optimal,full_suboptimal,optimal,Optimal,manual,0,19.92319999998808,2,4,6.023128814651853,0,3832.099999964237,ai|manual,False,False,
87,3,1,0,3,optimal|full_suboptimal,optimal,full_suboptimal,optimal,Optimal,ai,1,28.552200000047684,2,4,4.202828503575892,0,3646.099999964237,ai|manual,False,False,8.0
87,4,1,0,4,optimal|full_suboptimal,optimal,full_suboptimal,optimal,Optimal,ai,1,21.39330000001192,4,4,11.21846559436208,0,2790.0,ai|manual,False,False,6.0
87,5,1,0,5,optimal|full_suboptimal,optimal,full_suboptimal,optimal,Optimal,manual,0,25.197799999952316,1,4,2.3811602600272064,0,3788.600000023842,ai|manual,False,False,
87,6,1,0,6,optimal|full_suboptimal,optimal,full_suboptimal,optimal,Optimal,ai,1,25.140000000059604,1,4,2.3866348448630768,0,923.3000000119208,ai|manual,False,False,5.0
87,7,1,0,7,optimal|full_suboptimal,optimal,full_suboptimal,optimal,Optimal,ai,1,20.719799999952315,4,4,11.58312338924856,0,2431.0,ai|manual,False,False,0.0
87,8,1,0,8,optimal|full_suboptimal,optimal,full_suboptimal,optimal,Optimal,ai,1,20.173100000083448,4,4,11.897031194958,0,1521.600000023842,ai|manual,False,False,1.0
87,9,2,1,1,optimal|full_suboptimal,optimal,full_suboptimal,full_suboptimal,Full Suboptimal,ai,1,50.86750000005961,1,4,1.1795350665932018,1,1304.5,ai|manual,False,False,0.0
87,10,2,1,2,optimal|full_suboptimal,optimal,full_suboptimal,full_suboptimal,Full Suboptimal,ai,1,51.81960000002384,3,4,3.4735891438744644,1,2181.399999976158,ai|manual,False,False,4.0
87,11,2,1,3,optimal|full_suboptimal,optimal,full_suboptimal,full_suboptimal,Full Suboptimal,manual,0,13.819999999940396,4,4,17.366136034807173,0,1574.0,ai|manual,False,False,
87,12,2,1,4,optimal|full_suboptimal,optimal,full_suboptimal,full_suboptimal,Full Suboptimal,manual,0,12.81139999997616,2,4,9.366657820396156,0,4659.400000035763,ai|manual,False,False,
87,13,2,1,5,optimal|full_suboptimal,optimal,full_suboptimal,full_suboptimal,Full Suboptimal,manual,0,14.176400000035764,4,4,16.92954487735917,0,1440.0,ai|manual,False,False,
87,14,2,1,6,optimal|full_suboptimal,optimal,full_suboptimal,full_suboptimal,Full Suboptimal,manual,0,17.105100000023842,3,4,10.523177297984176,0,1206.399999976158,ai|manual,False,False,
87,15,2,1,7,optimal|full_suboptimal,optimal,full_suboptimal,full_suboptimal,Full Suboptimal,manual,0,15.63139999997616,4,4,15.353711119948697,0,2024.800000011921,ai|manual,False,False,
87,16,2,1,8,optimal|full_suboptimal,optimal,full_suboptimal,full_suboptimal,Full Suboptimal,manual,0,17.134700000047683,4,4,14.00666483797978,0,1752.300000011921,ai|manual,False,False,
88,1,1,0,1,full_suboptimal|full_suboptimal,full_suboptimal,full_suboptimal,full_suboptimal,Full Suboptimal,ai,1,130.8238999999985,4,4,1.8345271773735743,1,3628.79999999702,ai|manual,False,False,22.0
88,2,1,0,2,full_suboptimal|full_suboptimal,full_suboptimal,full_suboptimal,full_suboptimal,Full Suboptimal,manual,0,69.30270000000299,2,4,1.7315342692275313,0,2060.0,ai|manual,False,False,
88,3,1,0,3,full_suboptimal|full_suboptimal,full_suboptimal,full_suboptimal,full_suboptimal,Full Suboptimal,ai,1,103.21129999998956,4,4,2.3253267810794385,1,1095.0999999940395,ai|manual,False,False,16.0
88,4,1,0,4,full_suboptimal|full_suboptimal,full_suboptimal,full_suboptimal,full_suboptimal,Full Suboptimal,manual,0,120.35600000000746,3,4,1.4955631626174752,0,4211.5999999940395,ai|manual,False,False,
88,5,1,0,5,full_suboptimal|full_suboptimal,full_suboptimal,full_suboptimal,full_suboptimal,Full Suboptimal,manual,0,27.507,4,4,8.725051804995092,0,1469.39999999851,ai|manual,False,False,
88,6,1,0,6,full_suboptimal|full_suboptimal,full_suboptimal,full_suboptimal,full_suboptimal,Full Suboptimal,manual,0,23.8765,4,4,10.051724498984356,0,2640.29999999702,ai|manual,False,False,
88,7,1,0,7,full_suboptimal|full_suboptimal,full_suboptimal,full_suboptimal,full_suboptimal,Full Suboptimal,manual,0,32.700600000001494,3,4,5.504486156217066,0,1796.0999999940395,ai|manual,False,False,
88,8,1,0,8,full_suboptimal|full_suboptimal,full_suboptimal,full_suboptimal,full_suboptimal,Full Suboptimal,ai,1,103.31320000001044,3,4,1.742274946473266,1,2148.60000000149,ai|manual,False,False,11.0
88,9,2,1,1,full_suboptimal|full_suboptimal,full_suboptimal,full_suboptimal,full_suboptimal,Full Suboptimal,ai,1,99.7288999999985,1,4,0.6016310216998373,1,2871.60000000149,ai|manual,False,False,15.0
88,10,2,1,2,full_suboptimal|full_suboptimal,full_suboptimal,full_suboptimal,full_suboptimal,Full Suboptimal,manual,0,34.9275,4,4,6.871376422589649,0,762.3999999985099,ai|manual,False,False,
88,11,2,1,3,full_suboptimal|full_suboptimal,full_suboptimal,full_suboptimal,full_suboptimal,Full Suboptimal,manual,0,33.96840000000596,3,4,5.299042639628844,0,2914.0999999940395,ai|manual,False,False,
88,12,2,1,4,full_suboptimal|full_suboptimal,full_suboptimal,full_suboptimal,full_suboptimal,Full Suboptimal,ai,1,75.26719999999553,3,4,2.391479954083727,1,1355.39999999851,ai|manual,False,False,14.0
88,13,2,1,5,full_suboptimal|full_suboptimal,full_suboptimal,full_suboptimal,full_suboptimal,Full Suboptimal,manual,0,31.32139999999106,4,4,7.662492736597614,0,2727.70000000298,ai|manual,False,False,
88,14,2,1,6,full_suboptimal|full_suboptimal,full_suboptimal,full_suboptimal,full_suboptimal,Full Suboptimal,manual,0,26.0335,4,4,9.218891044231473,0,2558.39999999851,ai|manual,False,False,
88,15,2,1,7,full_suboptimal|full_suboptimal,full_suboptimal,full_suboptimal,full_suboptimal,Full Suboptimal,manual,0,24.50490000000596,4,4,9.79395957542947,0,1839.20000000298,ai|manual,False,False,
88,16,2,1,8,full_suboptimal|full_suboptimal,full_suboptimal,full_suboptimal,full_suboptimal,Full Suboptimal,ai,1,62.07429999999702,4,4,3.86633437670681,1,2022.5,ai|manual,False,False,3.0
89,1,1,0,1,optimal|full_suboptimal,optimal,full_suboptimal,optimal,Optimal,ai,1,57.79880000001192,4,4,4.152335342601412,0,4697.199999988079,manual|ai,True,False,10.0
89,2,1,0,2,optimal|full_suboptimal,optimal,full_suboptimal,optimal,Optimal,ai,1,44.93780000001192,3,4,4.005536541618688,0,1878.699999988079,manual|ai,True,False,10.0
89,3,1,0,3,optimal|full_suboptimal,optimal,full_suboptimal,optimal,Optimal,ai,1,39.29019999998808,4,4,6.108393441623429,0,2236.899999976158,manual|ai,True,False,6.0
89,4,1,0,4,optimal|full_suboptimal,optimal,full_suboptimal,optimal,Optimal,ai,1,46.9805,4,4,5.1085024637881675,0,937.0999999940396,manual|ai,True,False,9.0
89,5,1,0,5,optimal|full_suboptimal,optimal,full_suboptimal,optimal,Optimal,ai,1,44.3865,4,4,5.407049440708324,0,2210.7999999821186,manual|ai,True,False,10.0
89,6,1,0,6,optimal|full_suboptimal,optimal,full_suboptimal,optimal,Optimal,ai,1,23.1015000000298,3,4,7.791701837532965,0,1282.7999999821186,manual|ai,True,False,6.0
89,7,1,0,7,optimal|full_suboptimal,optimal,full_suboptimal,optimal,Optimal,ai,1,32.28229999998212,3,4,5.57581089327897,0,860.7000000178814,manual|ai,True,False,7.0
89,8,1,0,8,optimal|full_suboptimal,optimal,full_suboptimal,optimal,Optimal,ai,1,31.93380000001192,4,4,7.515547789486701,0,924.7000000178814,manual|ai,True,False,8.0
89,9,2,1,1,optimal|full_suboptimal,optimal,full_suboptimal,full_suboptimal,Full Suboptimal,ai,1,75.40409999999405,2,4,1.5914253999452217,1,1143.9000000059605,manual|ai,True,False,16.0
89,10,2,1,2,optimal|full_suboptimal,optimal,full_suboptimal,full_suboptimal,Full Suboptimal,manual,0,24.30070000001788,3,4,7.407194031442204,0,951.600000023842,manual|ai,True,False,
89,11,2,1,3,optimal|full_suboptimal,optimal,full_suboptimal,full_suboptimal,Full Suboptimal,manual,0,20.865699999988077,4,4,11.502130290387436,0,850.6999999880791,manual|ai,True,False,
89,12,2,1,4,optimal|full_suboptimal,optimal,full_suboptimal,full_suboptimal,Full Suboptimal,manual,0,25.23040000000596,4,4,9.51233432684156,0,1700.7999999821186,manual|ai,True,False,
89,13,2,1,5,optimal|full_suboptimal,optimal,full_suboptimal,full_suboptimal,Full Suboptimal,manual,0,24.64370000001788,3,4,7.304098004758596,0,7948.800000011921,manual|ai,True,False,
89,14,2,1,6,optimal|full_suboptimal,optimal,full_suboptimal,full_suboptimal,Full Suboptimal,manual,0,22.83319999998808,4,4,10.511010283277216,0,6118.700000017881,manual|ai,True,False,
89,15,2,1,7,optimal|full_suboptimal,optimal,full_suboptimal,full_suboptimal,Full Suboptimal,ai,1,59.359,3,4,3.03239609831702,1,1173.699999988079,manual|ai,True,False,3.0
89,16,2,1,8,optimal|full_suboptimal,optimal,full_suboptimal,full_suboptimal,Full Suboptimal,manual,0,17.30240000000596,4,4,13.870908082110995,0,1267.9000000059605,manual|ai,True,False,
90,1,1,0,1,full_suboptimal|full_suboptimal,full_suboptimal,full_suboptimal,full_suboptimal,Full Suboptimal,ai,1,91.379,4,4,2.626424014270237,1,3000.0,manual|ai,True,False,26.0
90,2,1,0,2,full_suboptimal|full_suboptimal,full_suboptimal,full_suboptimal,full_suboptimal,Full Suboptimal,manual,0,31.119999999999973,3,4,5.784061696658103,0,4084.0,manual|ai,True,False,
90,3,1,0,3,full_suboptimal|full_suboptimal,full_suboptimal,full_suboptimal,full_suboptimal,Full Suboptimal,manual,0,20.033,3,4,8.985174462137472,0,734.0,manual|ai,True,False,
90,4,1,0,4,full_suboptimal|full_suboptimal,full_suboptimal,full_suboptimal,full_suboptimal,Full Suboptimal,manual,0,21.022,1,4,2.8541527923128154,0,2551.0,manual|ai,True,False,
90,5,1,0,5,full_suboptimal|full_suboptimal,full_suboptimal,full_suboptimal,full_suboptimal,Full Suboptimal,ai,1,70.1,4,4,3.423680456490728,1,751.0,manual|ai,True,False,20.0
90,6,1,0,6,full_suboptimal|full_suboptimal,full_suboptimal,full_suboptimal,full_suboptimal,Full Suboptimal,manual,0,38.089,4,4,6.301031793956261,0,582.0,manual|ai,True,False,
90,7,1,0,7,full_suboptimal|full_suboptimal,full_suboptimal,full_suboptimal,full_suboptimal,Full Suboptimal,manual,0,38.099,4,4,6.299377936428778,0,599.0,manual|ai,True,False,
90,8,1,0,8,full_suboptimal|full_suboptimal,full_suboptimal,full_suboptimal,full_suboptimal,Full Suboptimal,manual,0,31.194999999999943,4,4,7.693540631511474,0,634.9999999999418,manual|ai,True,False,
90,9,2,1,1,full_suboptimal|full_suboptimal,full_suboptimal,full_suboptimal,full_suboptimal,Full Suboptimal,ai,1,65.9,4,4,3.641881638846737,1,1597.9999999999418,manual|ai,True,False,12.0
90,10,2,1,2,full_suboptimal|full_suboptimal,full_suboptimal,full_suboptimal,full_suboptimal,Full Suboptimal,manual,0,32.654,3,4,5.512341520181295,0,2385.0,manual|ai,True,False,
90,11,2,1,3,full_suboptimal|full_suboptimal,full_suboptimal,full_suboptimal,full_suboptimal,Full Suboptimal,ai,1,68.33800000000012,4,4,3.5119552811027477,1,850.0,manual|ai,True,False,15.0
90,12,2,1,4,full_suboptimal|full_suboptimal,full_suboptimal,full_suboptimal,full_suboptimal,Full Suboptimal,manual,0,41.32,3,4,4.356243949661181,0,565.0,manual|ai,True,False,
90,13,2,1,5,full_suboptimal|full_suboptimal,full_suboptimal,full_suboptimal,full_suboptimal,Full Suboptimal,manual,0,22.962,3,4,7.839038411288215,0,600.0,manual|ai,True,False,
90,14,2,1,6,full_suboptimal|full_suboptimal,full_suboptimal,full_suboptimal,full_suboptimal,Full Suboptimal,manual,0,125.07399999999988,4,4,1.9188640324927664,0,1496.9999999998836,manual|ai,True,False,
90,15,2,1,7,full_suboptimal|full_suboptimal,full_suboptimal,full_suboptimal,full_suboptimal,Full Suboptimal,ai,1,147.8579999999999,3,4,1.2173842470478442,1,1166.0,manual|ai,True,False,17.0
90,16,2,1,8,full_suboptimal|full_suboptimal,full_suboptimal,full_suboptimal,full_suboptimal,Full Suboptimal,manual,0,33.577,3,4,5.360812460910743,0,650.0,manual|ai,True,False,
91,1,1,0,1,optimal|full_suboptimal,optimal,full_suboptimal,optimal,Optimal,manual,0,36.31900000000003,4,4,6.608111456813233,0,4187.0,ai|manual,False,False,
91,2,1,0,2,optimal|full_suboptimal,optimal,full_suboptimal,optimal,Optimal,ai,1,55.34,4,4,4.336826888326708,0,1349.0,ai|manual,False,False,8.0
91,3,1,0,3,optimal|full_suboptimal,optimal,full_suboptimal,optimal,Optimal,ai,1,40.01700000000006,3,4,4.498088312467194,0,1885.000000000029,ai|manual,False,False,10.0
91,4,1,0,4,optimal|full_suboptimal,optimal,full_suboptimal,optimal,Optimal,manual,0,31.293,4,4,7.669446841146582,0,2354.000000000029,ai|manual,False,False,
91,5,1,0,5,optimal|full_suboptimal,optimal,full_suboptimal,optimal,Optimal,ai,1,30.11099999999994,3,4,5.977881837202363,0,2294.0,ai|manual,False,False,6.0
91,6,1,0,6,optimal|full_suboptimal,optimal,full_suboptimal,optimal,Optimal,ai,1,31.26699999999988,3,4,5.756868263664588,0,7182.0,ai|manual,False,False,5.0
91,7,1,0,7,optimal|full_suboptimal,optimal,full_suboptimal,optimal,Optimal,manual,0,16.00999999999994,4,4,14.990630855715231,0,1261.0,ai|manual,False,False,
91,8,1,0,8,optimal|full_suboptimal,optimal,full_suboptimal,optimal,Optimal,ai,1,17.984999999999943,3,4,10.008340283569671,0,1537.0,ai|manual,False,False,4.0
91,9,2,1,1,optimal|full_suboptimal,optimal,full_suboptimal,full_suboptimal,Full Suboptimal,ai,1,59.10800000000006,2,4,2.0301820396562205,1,1490.0,ai|manual,False,False,15.0
91,10,2,1,2,optimal|full_suboptimal,optimal,full_suboptimal,full_suboptimal,Full Suboptimal,manual,0,13.133999999999885,1,4,4.568296025582498,0,1128.0,ai|manual,False,False,
91,11,2,1,3,optimal|full_suboptimal,optimal,full_suboptimal,full_suboptimal,Full Suboptimal,manual,0,13.548000000000116,3,4,13.286093888396696,0,1352.0,ai|manual,False,False,
91,12,2,1,4,optimal|full_suboptimal,optimal,full_suboptimal,full_suboptimal,Full Suboptimal,ai,1,72.46,1,4,0.8280430582390285,1,846.0,ai|manual,False,False,7.0
91,13,2,1,5,optimal|full_suboptimal,optimal,full_suboptimal,full_suboptimal,Full Suboptimal,manual,0,16.450999999999883,3,4,10.941584098231187,0,5794.0,ai|manual,False,False,
91,14,2,1,6,optimal|full_suboptimal,optimal,full_suboptimal,full_suboptimal,Full Suboptimal,manual,0,12.281,3,4,14.656786906603696,0,1300.0,ai|manual,False,False,
91,15,2,1,7,optimal|full_suboptimal,optimal,full_suboptimal,full_suboptimal,Full Suboptimal,ai,1,77.289,4,4,3.1052284283662615,1,1096.0,ai|manual,False,False,13.0
91,16,2,1,8,optimal|full_suboptimal,optimal,full_suboptimal,full_suboptimal,Full Suboptimal,manual,0,14.130000000000232,4,4,16.985138004246004,0,1229.0,ai|manual,False,False,
92,1,1,0,1,full_suboptimal|full_suboptimal,full_suboptimal,full_suboptimal,full_suboptimal,Full Suboptimal,manual,0,30.54659999999404,1,4,1.964212056333985,0,4560.20000000298,ai|manual,False,False,
92,2,1,0,2,full_suboptimal|full_suboptimal,full_suboptimal,full_suboptimal,full_suboptimal,Full Suboptimal,ai,1,90.19420000000298,4,4,2.660924981872361,1,1220.0,ai|manual,False,False,22.0
92,3,1,0,3,full_suboptimal|full_suboptimal,full_suboptimal,full_suboptimal,full_suboptimal,Full Suboptimal,ai,1,70.23840000000597,4,4,3.416934326521954,1,2589.79999999702,ai|manual,False,False,16.0
92,4,1,0,4,full_suboptimal|full_suboptimal,full_suboptimal,full_suboptimal,full_suboptimal,Full Suboptimal,manual,0,18.44909999999404,4,4,13.008764655190634,0,2506.1000000089407,ai|manual,False,False,
92,5,1,0,5,full_suboptimal|full_suboptimal,full_suboptimal,full_suboptimal,full_suboptimal,Full Suboptimal,manual,0,28.782299999952315,3,4,6.253843507999646,0,1469.7000000178814,ai|manual,False,False,
92,6,1,0,6,full_suboptimal|full_suboptimal,full_suboptimal,full_suboptimal,full_suboptimal,Full Suboptimal,manual,0,21.93980000001192,2,4,5.469512028365564,0,3926.2000000178814,ai|manual,False,False,
92,7,1,0,7,full_suboptimal|full_suboptimal,full_suboptimal,full_suboptimal,full_suboptimal,Full Suboptimal,ai,1,69.2174999999702,4,4,3.4673312384888693,1,1153.5,ai|manual,False,False,22.0
92,8,1,0,8,full_suboptimal|full_suboptimal,full_suboptimal,full_suboptimal,full_suboptimal,Full Suboptimal,manual,0,18.2334999999702,4,4,13.1625853511609,0,1536.899999976158,ai|manual,False,False,
92,9,2,1,1,full_suboptimal|full_suboptimal,full_suboptimal,full_suboptimal,full_suboptimal,Full Suboptimal,manual,0,16.4875,4,4,14.556482183472326,0,1988.4000000059605,ai|manual,False,False,
92,10,2,1,2,full_suboptimal|full_suboptimal,full_suboptimal,full_suboptimal,full_suboptimal,Full Suboptimal,manual,0,16.945199999958277,4,4,14.16330288226701,0,1120.2000000178814,ai|manual,False,False,
92,11,2,1,3,full_suboptimal|full_suboptimal,full_suboptimal,full_suboptimal,full_suboptimal,Full Suboptimal,manual,0,19.81569999998808,2,4,6.055804236038706,0,802.1999999880791,ai|manual,False,False,
92,12,2,1,4,full_suboptimal|full_suboptimal,full_suboptimal,full_suboptimal,full_suboptimal,Full Suboptimal,ai,1,64.52479999998212,4,4,3.7195000991877,1,2089.199999988079,ai|manual,False,False,13.0
92,13,2,1,5,full_suboptimal|full_suboptimal,full_suboptimal,full_suboptimal,full_suboptimal,Full Suboptimal,manual,0,23.008,3,4,7.82336578581363,0,5280.5,ai|manual,False,False,
92,14,2,1,6,full_suboptimal|full_suboptimal,full_suboptimal,full_suboptimal,full_suboptimal,Full Suboptimal,manual,0,20.794600000053645,4,4,11.54145787845791,0,1553.4000000059605,ai|manual,False,False,
92,15,2,1,7,full_suboptimal|full_suboptimal,full_suboptimal,full_suboptimal,full_suboptimal,Full Suboptimal,manual,0,14.45119999998808,3,4,12.455713020382284,0,1620.899999976158,ai|manual,False,False,
92,16,2,1,8,full_suboptimal|full_suboptimal,full_suboptimal,full_suboptimal,full_suboptimal,Full Suboptimal,manual,0,20.84969999998808,4,4,11.51095699219352,0,1420.2000000178814,ai|manual,False,False,
93,1,1,0,1,time_penalty|full_suboptimal,time_penalty,full_suboptimal,time_penalty,Time Penalty,ai,1,84.16110000002384,3,4,2.1387553156975017,0,3263.7000000476837,ai|manual,False,False,9.0
93,2,1,0,2,time_penalty|full_suboptimal,time_penalty,full_suboptimal,time_penalty,Time Penalty,manual,0,33.61399999988079,3,4,5.354911643976866,0,1624.600000023842,ai|manual,False,False,
93,3,1,0,3,time_penalty|full_suboptimal,time_penalty,full_suboptimal,time_penalty,Time Penalty,manual,0,34.47640000009537,3,4,5.220962745515834,0,1032.100000023842,ai|manual,False,False,
93,4,1,0,4,time_penalty|full_suboptimal,time_penalty,full_suboptimal,time_penalty,Time Penalty,manual,0,15.779499999880793,4,4,15.20960740212384,0,1199.8000000715256,ai|manual,False,False,
93,5,1,0,5,time_penalty|full_suboptimal,time_penalty,full_suboptimal,time_penalty,Time Penalty,manual,0,22.39830000007153,4,4,10.715098913722631,0,4159.600000023842,ai|manual,False,False,
93,6,1,0,6,time_penalty|full_suboptimal,time_penalty,full_suboptimal,time_penalty,Time Penalty,manual,0,16.08489999997616,4,4,14.920826365122302,0,1152.0,ai|manual,False,False,
93,7,1,0,7,time_penalty|full_suboptimal,time_penalty,full_suboptimal,time_penalty,Time Penalty,manual,0,17.842799999952316,4,4,13.450803685556156,0,1663.5999999046326,ai|manual,False,False,
93,8,1,0,8,time_penalty|full_suboptimal,time_penalty,full_suboptimal,time_penalty,Time Penalty,manual,0,18.163000000119208,4,4,13.213676154733514,0,823.7000000476837,ai|manual,False,False,
93,9,2,1,1,time_penalty|full_suboptimal,time_penalty,full_suboptimal,full_suboptimal,Full Suboptimal,manual,0,20.035800000071525,3,4,8.983918785342109,0,6816.200000047684,ai|manual,False,False,
93,10,2,1,2,time_penalty|full_suboptimal,time_penalty,full_suboptimal,full_suboptimal,Full Suboptimal,ai,1,60.274,3,4,2.986362278926237,1,768.0,ai|manual,False,False,15.0
93,11,2,1,3,time_penalty|full_suboptimal,time_penalty,full_suboptimal,full_suboptimal,Full Suboptimal,manual,0,16.65390000009537,4,4,14.411038855680989,0,1191.5,ai|manual,False,False,
93,12,2,1,4,time_penalty|full_suboptimal,time_penalty,full_suboptimal,full_suboptimal,Full Suboptimal,manual,0,15.085300000071523,3,4,11.932145863797642,0,880.2000000476837,ai|manual,False,False,
93,13,2,1,5,time_penalty|full_suboptimal,time_penalty,full_suboptimal,full_suboptimal,Full Suboptimal,manual,0,19.385900000214576,3,4,9.285098963577012,0,736.0,ai|manual,False,False,
93,14,2,1,6,time_penalty|full_suboptimal,time_penalty,full_suboptimal,full_suboptimal,Full Suboptimal,manual,0,15.928700000047684,4,4,15.067142955751663,0,1135.9000000953674,ai|manual,False,False,
93,15,2,1,7,time_penalty|full_suboptimal,time_penalty,full_suboptimal,full_suboptimal,Full Suboptimal,manual,0,17.550399999976158,4,4,13.674901996554269,0,1096.100000023842,ai|manual,False,False,
93,16,2,1,8,time_penalty|full_suboptimal,time_penalty,full_suboptimal,full_suboptimal,Full Suboptimal,manual,0,17.530700000047684,2,4,6.8451345353963955,0,1272.399999976158,ai|manual,False,False,
94,1,1,0,1,time_penalty|full_suboptimal,time_penalty,full_suboptimal,time_penalty,Time Penalty,manual,0,39.316,4,4,6.104384983212941,0,4117.0,ai|manual,False,False,
94,2,1,0,2,time_penalty|full_suboptimal,time_penalty,full_suboptimal,time_penalty,Time Penalty,ai,1,70.852,4,4,3.387342629706995,0,2051.0,ai|manual,False,False,7.0
94,3,1,0,3,time_penalty|full_suboptimal,time_penalty,full_suboptimal,time_penalty,Time Penalty,manual,0,41.46,4,4,5.788712011577424,0,4383.0,ai|manual,False,False,
94,4,1,0,4,time_penalty|full_suboptimal,time_penalty,full_suboptimal,time_penalty,Time Penalty,ai,1,66.119,3,4,2.7223642220844235,0,3783.0,ai|manual,False,False,6.0
94,5,1,0,5,time_penalty|full_suboptimal,time_penalty,full_suboptimal,time_penalty,Time Penalty,manual,0,19.265,2,4,6.228912535686478,0,1184.0,ai|manual,False,False,
94,6,1,0,6,time_penalty|full_suboptimal,time_penalty,full_suboptimal,time_penalty,Time Penalty,manual,0,22.495,4,4,10.669037563903087,0,3233.0,ai|manual,False,False,
94,7,1,0,7,time_penalty|full_suboptimal,time_penalty,full_suboptimal,time_penalty,Time Penalty,manual,0,16.796,3,4,10.71683734222434,0,1133.0,ai|manual,False,False,
94,8,1,0,8,time_penalty|full_suboptimal,time_penalty,full_suboptimal,time_penalty,Time Penalty,manual,0,18.743,4,4,12.804780451368512,0,1233.0,ai|manual,False,False,
94,9,2,1,1,time_penalty|full_suboptimal,time_penalty,full_suboptimal,full_suboptimal,Full Suboptimal,ai,1,68.293,2,4,1.7571346990174688,1,3801.0,ai|manual,False,False,21.0
94,10,2,1,2,time_penalty|full_suboptimal,time_penalty,full_suboptimal,full_suboptimal,Full Suboptimal,manual,0,20.582,4,4,11.66067437566806,0,1015.0,ai|manual,False,False,
94,11,2,1,3,time_penalty|full_suboptimal,time_penalty,full_suboptimal,full_suboptimal,Full Suboptimal,manual,0,18.132,2,4,6.618133686300463,0,1416.0,ai|manual,False,False,
94,12,2,1,4,time_penalty|full_suboptimal,time_penalty,full_suboptimal,full_suboptimal,Full Suboptimal,manual,0,19.463,3,4,9.248317320043158,0,1284.0,ai|manual,False,False,
94,13,2,1,5,time_penalty|full_suboptimal,time_penalty,full_suboptimal,full_suboptimal,Full Suboptimal,manual,0,14.984,4,4,16.01708489054992,0,1566.0,ai|manual,False,False,
94,14,2,1,6,time_penalty|full_suboptimal,time_penalty,full_suboptimal,full_suboptimal,Full Suboptimal,manual,0,14.228,2,4,8.43407365757661,0,1649.0,ai|manual,False,False,
94,15,2,1,7,time_penalty|full_suboptimal,time_penalty,full_suboptimal,full_suboptimal,Full Suboptimal,manual,0,16.129,4,4,14.88002976005952,0,1017.0,ai|manual,False,False,
94,16,2,1,8,time_penalty|full_suboptimal,time_penalty,full_suboptimal,full_suboptimal,Full Suboptimal,manual,0,14.562,3,4,12.360939431396789,0,1351.0,ai|manual,False,False,
95,1,1,0,1,time_penalty|full_suboptimal,time_penalty,full_suboptimal,time_penalty,Time Penalty,ai,1,54.16519999999925,2,4,2.2154446028077373,0,1776.5999999977648,ai|manual,False,False,0.0
95,2,1,0,2,time_penalty|full_suboptimal,time_penalty,full_suboptimal,time_penalty,Time Penalty,ai,1,48.063199999999256,3,4,3.7450689924932754,0,3442.199999999255,ai|manual,False,False,0.0
95,3,1,0,3,time_penalty|full_suboptimal,time_penalty,full_suboptimal,time_penalty,Time Penalty,manual,0,15.172199999999254,4,4,15.818404713885382,0,1187.89999999851,ai|manual,False,False,
95,4,1,0,4,time_penalty|full_suboptimal,time_penalty,full_suboptimal,time_penalty,Time Penalty,manual,0,13.870800000000743,2,4,8.6512674106752,0,1345.4000000022352,ai|manual,False,False,
95,5,1,0,5,time_penalty|full_suboptimal,time_penalty,full_suboptimal,time_penalty,Time Penalty,manual,0,18.571599999997765,4,4,12.922957634238776,0,1599.2999999970198,ai|manual,False,False,
95,6,1,0,6,time_penalty|full_suboptimal,time_penalty,full_suboptimal,time_penalty,Time Penalty,manual,0,17.375900000002236,3,4,10.35917563982164,0,832.1000000014901,ai|manual,False,False,
95,7,1,0,7,time_penalty|full_suboptimal,time_penalty,full_suboptimal,time_penalty,Time Penalty,manual,0,11.88479999999702,3,4,15.145395799680696,0,1513.800000000745,ai|manual,False,False,
95,8,1,0,8,time_penalty|full_suboptimal,time_penalty,full_suboptimal,time_penalty,Time Penalty,manual,0,16.729699999999255,3,4,10.759308296024916,0,1283.7999999970198,ai|manual,False,False,
95,9,2,1,1,time_penalty|full_suboptimal,time_penalty,full_suboptimal,full_suboptimal,Full Suboptimal,manual,0,16.63640000000596,4,4,14.426197975518384,0,5311.20000000298,ai|manual,False,False,
95,10,2,1,2,time_penalty|full_suboptimal,time_penalty,full_suboptimal,full_suboptimal,Full Suboptimal,manual,0,13.529500000003726,4,4,17.739014745551124,0,842.8000000007451,ai|manual,False,False,
95,11,2,1,3,time_penalty|full_suboptimal,time_penalty,full_suboptimal,full_suboptimal,Full Suboptimal,manual,0,170.07419999999925,2,4,0.7055743904719265,0,795.9000000022352,ai|manual,False,False,
95,12,2,1,4,time_penalty|full_suboptimal,time_penalty,full_suboptimal,full_suboptimal,Full Suboptimal,manual,0,16.7205,1,4,3.5884094375168205,0,602.7999999970198,ai|manual,False,False,
95,13,2,1,5,time_penalty|full_suboptimal,time_penalty,full_suboptimal,full_suboptimal,Full Suboptimal,ai,1,60.71059999999777,3,4,2.9648858683657653,1,744.9000000022352,ai|manual,False,False,11.0
95,14,2,1,6,time_penalty|full_suboptimal,time_penalty,full_suboptimal,full_suboptimal,Full Suboptimal,manual,0,15.61079999999702,4,4,15.37397186563442,0,1130.0999999977648,ai|manual,False,False,
95,15,2,1,7,time_penalty|full_suboptimal,time_penalty,full_suboptimal,full_suboptimal,Full Suboptimal,manual,0,16.87579999999702,4,4,14.221548015503998,0,748.5,ai|manual,False,False,
95,16,2,1,8,time_penalty|full_suboptimal,time_penalty,full_suboptimal,full_suboptimal,Full Suboptimal,manual,0,14.620400000002236,3,4,12.311564663071632,0,681.2999999970198,ai|manual,False,False,
96,1,1,0,1,full_suboptimal|full_suboptimal,full_suboptimal,full_suboptimal,full_suboptimal,Full Suboptimal,manual,0,32.14149999999255,3,4,5.600236454429375,0,3401.60000000149,ai|manual,False,False,
96,2,1,0,2,full_suboptimal|full_suboptimal,full_suboptimal,full_suboptimal,full_suboptimal,Full Suboptimal,ai,1,85.02619999999553,4,4,2.8226593685242034,1,1094.0,ai|manual,False,False,10.0
96,3,1,0,3,full_suboptimal|full_suboptimal,full_suboptimal,full_suboptimal,full_suboptimal,Full Suboptimal,manual,0,20.77940000000596,1,4,2.8874750955264727,0,729.1000000014901,ai|manual,False,False,
96,4,1,0,4,full_suboptimal|full_suboptimal,full_suboptimal,full_suboptimal,full_suboptimal,Full Suboptimal,manual,0,13.51760000000894,3,4,13.315973249680487,0,429.0,ai|manual,False,False,
96,5,1,0,5,full_suboptimal|full_suboptimal,full_suboptimal,full_suboptimal,full_suboptimal,Full Suboptimal,manual,0,14.88169999998808,2,4,8.063594884999437,0,948.39999999851,ai|manual,False,False,
96,6,1,0,6,full_suboptimal|full_suboptimal,full_suboptimal,full_suboptimal,full_suboptimal,Full Suboptimal,manual,0,12.10939999999851,3,4,14.864485441064144,0,330.5,ai|manual,False,False,
96,7,1,0,7,full_suboptimal|full_suboptimal,full_suboptimal,full_suboptimal,full_suboptimal,Full Suboptimal,manual,0,23.1420000000149,3,4,7.778065854285892,0,365.8999999985099,ai|manual,False,False,
96,8,1,0,8,full_suboptimal|full_suboptimal,full_suboptimal,full_suboptimal,full_suboptimal,Full Suboptimal,manual,0,12.86329999999702,3,4,13.993298764705925,0,840.8999999985099,ai|manual,False,False,
96,9,2,1,1,full_suboptimal|full_suboptimal,full_suboptimal,full_suboptimal,full_suboptimal,Full Suboptimal,manual,0,14.72670000000298,1,4,4.074232516448889,0,1834.5,ai|manual,False,False,
96,10,2,1,2,full_suboptimal|full_suboptimal,full_suboptimal,full_suboptimal,full_suboptimal,Full Suboptimal,manual,0,14.46459999999404,2,4,8.296116035013029,0,425.5,ai|manual,False,False,
96,11,2,1,3,full_suboptimal|full_suboptimal,full_suboptimal,full_suboptimal,full_suboptimal,Full Suboptimal,manual,0,16.14960000000894,3,4,11.145786892548443,0,332.30000000447035,ai|manual,False,False,
96,12,2,1,4,full_suboptimal|full_suboptimal,full_suboptimal,full_suboptimal,full_suboptimal,Full Suboptimal,ai,1,60.78230000001192,3,4,2.9613884305129075,1,378.6000000014901,ai|manual,False,False,0.0
96,13,2,1,5,full_suboptimal|full_suboptimal,full_suboptimal,full_suboptimal,full_suboptimal,Full Suboptimal,manual,0,12.96080000001192,3,4,13.888031602974698,0,630.3999999985099,ai|manual,False,False,
96,14,2,1,6,full_suboptimal|full_suboptimal,full_suboptimal,full_suboptimal,full_suboptimal,Full Suboptimal,manual,0,12.60470000000298,2,4,9.520258316340064,0,1379.2999999970198,ai|manual,False,False,
96,15,2,1,7,full_suboptimal|full_suboptimal,full_suboptimal,full_suboptimal,full_suboptimal,Full Suboptimal,manual,0,11.475799999989569,1,4,5.228393663191633,0,959.5,ai|manual,False,False,
96,16,2,1,8,full_suboptimal|full_suboptimal,full_suboptimal,full_suboptimal,full_suboptimal,Full Suboptimal,manual,0,11.48979999999702,1,4,5.222023011716093,0,600.1999999955297,ai|manual,False,False,
97,1,1,0,1,full_suboptimal|full_suboptimal,full_suboptimal,full_suboptimal,full_suboptimal,Full Suboptimal,ai,1,107.59330000000074,4,4,2.2306221669936543,1,3965.900000000373,manual|ai,True,False,10.0
97,2,1,0,2,full_suboptimal|full_suboptimal,full_suboptimal,full_suboptimal,full_suboptimal,Full Suboptimal,ai,1,79.52459999999962,4,4,3.0179340732301845,1,2679.5999999996275,manual|ai,True,False,11.0
97,3,1,0,3,full_suboptimal|full_suboptimal,full_suboptimal,full_suboptimal,full_suboptimal,Full Suboptimal,ai,1,55.63230000000261,3,4,3.235530438252446,1,1360.7000000011176,manual|ai,True,False,3.0
97,4,1,0,4,full_suboptimal|full_suboptimal,full_suboptimal,full_suboptimal,full_suboptimal,Full Suboptimal,ai,1,69.14740000000037,2,4,1.735423168477764,1,4048.199999999255,manual|ai,True,False,2.0
97,5,1,0,5,full_suboptimal|full_suboptimal,full_suboptimal,full_suboptimal,full_suboptimal,Full Suboptimal,ai,1,55.76910000000149,1,4,1.075864591682462,1,1448.39999999851,manual|ai,True,False,7.0
97,6,1,0,6,full_suboptimal|full_suboptimal,full_suboptimal,full_suboptimal,full_suboptimal,Full Suboptimal,manual,0,25.23,3,4,7.13436385255648,0,1407.0999999996277,manual|ai,True,False,
97,7,1,0,7,full_suboptimal|full_suboptimal,full_suboptimal,full_suboptimal,full_suboptimal,Full Suboptimal,manual,0,18.53860000000149,4,4,12.945961399457389,0,1088.89999999851,manual|ai,True,False,
97,8,1,0,8,full_suboptimal|full_suboptimal,full_suboptimal,full_suboptimal,full_suboptimal,Full Suboptimal,manual,0,17.919700000001118,4,4,13.39308135738796,0,1176.7999999988824,manual|ai,True,False,
97,9,2,1,1,full_suboptimal|full_suboptimal,full_suboptimal,full_suboptimal,full_suboptimal,Full Suboptimal,ai,1,51.41430000000074,3,4,3.5009715195966375,1,1605.7999999988824,manual|ai,True,False,0.0
97,10,2,1,2,full_suboptimal|full_suboptimal,full_suboptimal,full_suboptimal,full_suboptimal,Full Suboptimal,manual,0,16.34879999999888,1,4,3.6699941280096464,0,4431.4000000003725,manual|ai,True,False,
97,11,2,1,3,full_suboptimal|full_suboptimal,full_suboptimal,full_suboptimal,full_suboptimal,Full Suboptimal,manual,0,15.876199999999256,1,4,3.7792418840782314,0,2735.60000000149,manual|ai,True,False,
97,12,2,1,4,full_suboptimal|full_suboptimal,full_suboptimal,full_suboptimal,full_suboptimal,Full Suboptimal,manual,0,14.442300000000746,2,4,8.308925863608554,0,1519.699999999255,manual|ai,True,False,
97,13,2,1,5,full_suboptimal|full_suboptimal,full_suboptimal,full_suboptimal,full_suboptimal,Full Suboptimal,ai,1,66.4025,4,4,3.614321749934114,1,1040.0999999996277,manual|ai,True,False,4.0
97,14,2,1,6,full_suboptimal|full_suboptimal,full_suboptimal,full_suboptimal,full_suboptimal,Full Suboptimal,ai,1,50.13260000000149,4,4,4.787304069607259,1,1119.5999999996277,manual|ai,True,False,0.0
97,15,2,1,7,full_suboptimal|full_suboptimal,full_suboptimal,full_suboptimal,full_suboptimal,Full Suboptimal,ai,1,46.03340000000037,1,4,1.3034014432998544,1,1655.5,manual|ai,True,False,3.0
97,16,2,1,8,full_suboptimal|full_suboptimal,full_suboptimal,full_suboptimal,full_suboptimal,Full Suboptimal,ai,1,50.46609999999963,3,4,3.5667507495130657,1,1623.5,manual|ai,True,False,0.0
98,1,1,0,1,full_suboptimal|full_suboptimal,full_suboptimal,full_suboptimal,full_suboptimal,Full Suboptimal,manual,0,38.81009999999404,3,4,4.637967951642167,0,2548.0,manual|ai,True,False,
98,2,1,0,2,full_suboptimal|full_suboptimal,full_suboptimal,full_suboptimal,full_suboptimal,Full Suboptimal,ai,1,102.4415,4,4,2.3428005251777844,1,1370.0999999940395,manual|ai,True,False,21.0
98,3,1,0,3,full_suboptimal|full_suboptimal,full_suboptimal,full_suboptimal,full_suboptimal,Full Suboptimal,ai,1,91.68920000000298,3,4,1.9631537847423048,1,26213.70000000298,manual|ai,True,False,16.0
98,4,1,0,4,full_suboptimal|full_suboptimal,full_suboptimal,full_suboptimal,full_suboptimal,Full Suboptimal,ai,1,88.88849999999255,3,4,2.02500885941393,1,1728.7999999970198,manual|ai,True,False,20.0
98,5,1,0,5,full_suboptimal|full_suboptimal,full_suboptimal,full_suboptimal,full_suboptimal,Full Suboptimal,ai,1,96.6625,3,4,1.8621492305702831,1,1319.89999999851,manual|ai,True,False,21.0
98,6,1,0,6,full_suboptimal|full_suboptimal,full_suboptimal,full_suboptimal,full_suboptimal,Full Suboptimal,ai,1,83.35030000001193,3,4,2.1595603135198584,1,1437.5,manual|ai,True,False,16.0
98,7,1,0,7,full_suboptimal|full_suboptimal,full_suboptimal,full_suboptimal,full_suboptimal,Full Suboptimal,ai,1,67.99229999998957,4,4,3.5298114639457236,1,1538.2000000029802,manual|ai,True,False,15.0
98,8,1,0,8,full_suboptimal|full_suboptimal,full_suboptimal,full_suboptimal,full_suboptimal,Full Suboptimal,ai,1,75.171,3,4,2.3945404477790637,1,1237.0,manual|ai,True,False,16.0
98,9,2,1,1,full_suboptimal|full_suboptimal,full_suboptimal,full_suboptimal,full_suboptimal,Full Suboptimal,ai,1,72.20140000000596,2,4,1.6620176340069597,1,3189.3000000044703,manual|ai,True,False,11.0
98,10,2,1,2,full_suboptimal|full_suboptimal,full_suboptimal,full_suboptimal,full_suboptimal,Full Suboptimal,ai,1,63.05639999999851,4,4,3.806116429101656,1,1346.5,manual|ai,True,False,9.0
98,11,2,1,3,full_suboptimal|full_suboptimal,full_suboptimal,full_suboptimal,full_suboptimal,Full Suboptimal,ai,1,63.44590000000596,4,4,3.782750343205431,1,1368.89999999851,manual|ai,True,False,11.0
98,12,2,1,4,full_suboptimal|full_suboptimal,full_suboptimal,full_suboptimal,full_suboptimal,Full Suboptimal,ai,1,70.02670000001044,4,4,3.4272641720938477,1,1360.89999999851,manual|ai,True,False,16.0
98,13,2,1,5,full_suboptimal|full_suboptimal,full_suboptimal,full_suboptimal,full_suboptimal,Full Suboptimal,ai,1,67.35630000000447,3,4,2.672355815268773,1,1318.60000000149,manual|ai,True,False,10.0
98,14,2,1,6,full_suboptimal|full_suboptimal,full_suboptimal,full_suboptimal,full_suboptimal,Full Suboptimal,ai,1,71.00270000000297,3,4,2.5351148618290917,1,1230.5,manual|ai,True,False,17.0
98,15,2,1,7,full_suboptimal|full_suboptimal,full_suboptimal,full_suboptimal,full_suboptimal,Full Suboptimal,ai,1,65.08770000000298,3,4,2.7654994722503905,1,1210.4000000059605,manual|ai,True,False,20.0
98,16,2,1,8,full_suboptimal|full_suboptimal,full_suboptimal,full_suboptimal,full_suboptimal,Full Suboptimal,ai,1,59.65219999999553,4,4,4.023321855690452,1,1419.1999999955297,manual|ai,True,False,13.0
99,1,1,0,1,optimal|full_suboptimal,optimal,full_suboptimal,optimal,Optimal,ai,1,32.7935,2,4,3.6592617439431594,0,2076.0,manual|ai,True,False,9.0
99,2,1,0,2,optimal|full_suboptimal,optimal,full_suboptimal,optimal,Optimal,ai,1,42.76839999997616,3,4,4.208714845542511,0,1273.899999976158,manual|ai,True,False,6.0
99,3,1,0,3,optimal|full_suboptimal,optimal,full_suboptimal,optimal,Optimal,ai,1,51.76229999995232,3,4,3.4774343489405575,0,1102.0,manual|ai,True,False,8.0
99,4,1,0,4,optimal|full_suboptimal,optimal,full_suboptimal,optimal,Optimal,ai,1,31.56990000009537,3,4,5.701633517985685,0,683.0,manual|ai,True,False,7.0
99,5,1,0,5,optimal|full_suboptimal,optimal,full_suboptimal,optimal,Optimal,ai,1,35.302600000023844,4,4,6.798366126003124,0,1071.7999999523165,manual|ai,True,False,5.0
99,6,1,0,6,optimal|full_suboptimal,optimal,full_suboptimal,optimal,Optimal,ai,1,23.321100000023844,4,4,10.291109767539036,0,1521.9000000953674,manual|ai,True,False,4.0
99,7,1,0,7,optimal|full_suboptimal,optimal,full_suboptimal,optimal,Optimal,ai,1,37.441599999785424,2,4,3.204991239708979,0,1739.7000000476835,manual|ai,True,False,10.0
99,8,1,0,8,optimal|full_suboptimal,optimal,full_suboptimal,optimal,Optimal,ai,1,27.613,2,4,4.345779161988919,0,1364.5,manual|ai,True,False,9.0
99,9,2,1,1,optimal|full_suboptimal,optimal,full_suboptimal,full_suboptimal,Full Suboptimal,ai,1,47.34540000009537,3,4,3.8018476979735607,1,1297.100000023842,manual|ai,True,False,6.0
99,10,2,1,2,optimal|full_suboptimal,optimal,full_suboptimal,full_suboptimal,Full Suboptimal,manual,0,18.24660000014305,3,4,9.864851533907077,0,2248.3000000715256,manual|ai,True,False,
99,11,2,1,3,optimal|full_suboptimal,optimal,full_suboptimal,full_suboptimal,Full Suboptimal,manual,0,13.759599999904632,3,4,13.081775633103256,0,749.0,manual|ai,True,False,
99,12,2,1,4,optimal|full_suboptimal,optimal,full_suboptimal,full_suboptimal,Full Suboptimal,manual,0,13.007799999833107,4,4,18.450468180866807,0,1050.0,manual|ai,True,False,
99,13,2,1,5,optimal|full_suboptimal,optimal,full_suboptimal,full_suboptimal,Full Suboptimal,manual,0,13.801700000166893,4,4,17.389162204445675,0,976.0,manual|ai,True,False,
99,14,2,1,6,optimal|full_suboptimal,optimal,full_suboptimal,full_suboptimal,Full Suboptimal,manual,0,17.1405,2,4,7.00096263236195,0,989.2999999523164,manual|ai,True,False,
99,15,2,1,7,optimal|full_suboptimal,optimal,full_suboptimal,full_suboptimal,Full Suboptimal,manual,0,18.64489999997616,2,4,6.436076353327368,0,862.5,manual|ai,True,False,
99,16,2,1,8,optimal|full_suboptimal,optimal,full_suboptimal,full_suboptimal,Full Suboptimal,manual,0,12.496799999952316,4,4,19.20491645868669,0,733.2999999523163,manual|ai,True,False,
100,1,1,0,1,time_penalty|full_suboptimal,time_penalty,full_suboptimal,time_penalty,Time Penalty,ai,1,72.88430000001192,2,4,1.6464451191817768,0,6860.5999999940395,ai|manual,False,False,0.0
100,2,1,0,2,time_penalty|full_suboptimal,time_penalty,full_suboptimal,time_penalty,Time Penalty,manual,0,40.85930000001192,4,4,5.873815753082652,0,3123.7000000178814,ai|manual,False,False,
100,3,1,0,3,time_penalty|full_suboptimal,time_penalty,full_suboptimal,time_penalty,Time Penalty,ai,1,69.03430000001192,2,4,1.7382663400654352,0,2559.7999999821186,ai|manual,False,False,1.0
100,4,1,0,4,time_penalty|full_suboptimal,time_penalty,full_suboptimal,time_penalty,Time Penalty,manual,0,31.297900000035764,3,4,5.75118458426266,0,2069.4000000059605,ai|manual,False,False,
100,5,1,0,5,time_penalty|full_suboptimal,time_penalty,full_suboptimal,time_penalty,Time Penalty,ai,1,62.91240000000596,3,4,2.8611211780186885,0,1153.5999999940395,ai|manual,False,False,3.0
100,6,1,0,6,time_penalty|full_suboptimal,time_penalty,full_suboptimal,time_penalty,Time Penalty,ai,1,72.20859999999404,4,4,3.323703824752451,0,2707.5,ai|manual,False,False,4.0
100,7,1,0,7,time_penalty|full_suboptimal,time_penalty,full_suboptimal,time_penalty,Time Penalty,ai,1,67.78519999998808,4,4,3.5405958822876116,0,1659.699999988079,ai|manual,False,False,0.0
100,8,1,0,8,time_penalty|full_suboptimal,time_penalty,full_suboptimal,time_penalty,Time Penalty,ai,1,56.11970000001788,2,4,2.1382865553444117,0,1437.800000011921,ai|manual,False,False,1.0
100,9,2,1,1,time_penalty|full_suboptimal,time_penalty,full_suboptimal,full_suboptimal,Full Suboptimal,ai,1,73.5199999999702,3,4,2.448313384114159,1,2189.800000011921,ai|manual,False,False,1.0
100,10,2,1,2,time_penalty|full_suboptimal,time_penalty,full_suboptimal,full_suboptimal,Full Suboptimal,manual,0,26.68409999999404,3,4,6.7455900704929235,0,1423.5999999940395,ai|manual,False,False,
100,11,2,1,3,time_penalty|full_suboptimal,time_penalty,full_suboptimal,full_suboptimal,Full Suboptimal,manual,0,19.52419999998808,3,4,9.21932780857141,0,3213.9000000059605,ai|manual,False,False,
100,12,2,1,4,time_penalty|full_suboptimal,time_penalty,full_suboptimal,full_suboptimal,Full Suboptimal,manual,0,17.765799999982118,1,4,3.377275439330646,0,2051.5,ai|manual,False,False,
100,13,2,1,5,time_penalty|full_suboptimal,time_penalty,full_suboptimal,full_suboptimal,Full Suboptimal,manual,0,24.350099999964236,2,4,4.928111178195418,0,2155.800000011921,ai|manual,False,False,
100,14,2,1,6,time_penalty|full_suboptimal,time_penalty,full_suboptimal,full_suboptimal,Full Suboptimal,ai,1,67.55109999996424,3,4,2.6646494283600903,1,1695.5,ai|manual,False,False,1.0
100,15,2,1,7,time_penalty|full_suboptimal,time_penalty,full_suboptimal,full_suboptimal,Full Suboptimal,manual,0,17.228400000005962,3,4,10.44786515288348,0,1717.699999988079,ai|manual,False,False,
100,16,2,1,8,time_penalty|full_suboptimal,time_penalty,full_suboptimal,full_suboptimal,Full Suboptimal,manual,0,20.25230000001192,3,4,8.887879401346714,0,1605.5999999940395,ai|manual,False,False,
101,1,1,0,1,full_suboptimal|full_suboptimal,full_suboptimal,full_suboptimal,full_suboptimal,Full Suboptimal,manual,0,24.7145000038147,3,4,7.283173844189317,0,3805.1000003814697,manual|ai,True,False,
101,2,1,0,2,full_suboptimal|full_suboptimal,full_suboptimal,full_suboptimal,full_suboptimal,Full Suboptimal,manual,0,32.74660000038147,4,4,7.32900514854074,0,1743.2999992370603,manual|ai,True,False,
101,3,1,0,3,full_suboptimal|full_suboptimal,full_suboptimal,full_suboptimal,full_suboptimal,Full Suboptimal,ai,1,86.82010000038147,3,4,2.073252622367506,1,530.1999988555908,manual|ai,True,False,13.0
101,4,1,0,4,full_suboptimal|full_suboptimal,full_suboptimal,full_suboptimal,full_suboptimal,Full Suboptimal,manual,0,27.62009999847412,4,4,8.689324079683233,0,881.3999996185303,manual|ai,True,False,
101,5,1,0,5,full_suboptimal|full_suboptimal,full_suboptimal,full_suboptimal,full_suboptimal,Full Suboptimal,ai,1,57.37410000038147,3,4,3.137304114553487,1,1059.8999996185305,manual|ai,True,False,9.0
101,6,1,0,6,full_suboptimal|full_suboptimal,full_suboptimal,full_suboptimal,full_suboptimal,Full Suboptimal,manual,0,31.11459999847412,2,4,3.8567103548136528,0,953.4000015258788,manual|ai,True,False,
101,7,1,0,7,full_suboptimal|full_suboptimal,full_suboptimal,full_suboptimal,full_suboptimal,Full Suboptimal,manual,0,20.40629999923706,3,4,8.820805339857287,0,618.0999984741211,manual|ai,True,False,
101,8,1,0,8,full_suboptimal|full_suboptimal,full_suboptimal,full_suboptimal,full_suboptimal,Full Suboptimal,manual,0,26.02749999809265,4,4,9.221016233506395,0,413.8000011444092,manual|ai,True,False,
101,9,2,1,1,full_suboptimal|full_suboptimal,full_suboptimal,full_suboptimal,full_suboptimal,Full Suboptimal,manual,0,16.46799999809265,3,4,10.930289046687388,0,3300.6000003814697,manual|ai,True,False,
101,10,2,1,2,full_suboptimal|full_suboptimal,full_suboptimal,full_suboptimal,full_suboptimal,Full Suboptimal,manual,0,14.45139999961853,3,4,12.455540639989994,0,1004.8999996185304,manual|ai,True,False,
101,11,2,1,3,full_suboptimal|full_suboptimal,full_suboptimal,full_suboptimal,full_suboptimal,Full Suboptimal,manual,0,17.71009999847412,4,4,13.551589207326783,0,556.2000007629395,manual|ai,True,False,
101,12,2,1,4,full_suboptimal|full_suboptimal,full_suboptimal,full_suboptimal,full_suboptimal,Full Suboptimal,manual,0,15.8575,4,4,15.134794261390509,0,679.8000011444092,manual|ai,True,False,
101,13,2,1,5,full_suboptimal|full_suboptimal,full_suboptimal,full_suboptimal,full_suboptimal,Full Suboptimal,manual,0,15.38610000038147,3,4,11.69887105865276,0,521.7000007629395,manual|ai,True,False,
101,14,2,1,6,full_suboptimal|full_suboptimal,full_suboptimal,full_suboptimal,full_suboptimal,Full Suboptimal,manual,0,13.80729999923706,3,4,13.036582098596115,0,516.0,manual|ai,True,False,
101,15,2,1,7,full_suboptimal|full_suboptimal,full_suboptimal,full_suboptimal,full_suboptimal,Full Suboptimal,manual,0,16.95670000076294,4,4,14.153697357929408,0,479.5,manual|ai,True,False,
101,16,2,1,8,full_suboptimal|full_suboptimal,full_suboptimal,full_suboptimal,full_suboptimal,Full Suboptimal,manual,0,13.740099998474122,4,4,17.467121784168434,0,420.70000076293945,manual|ai,True,False,
102,1,1,0,1,effort_penalty|full_suboptimal,effort_penalty,full_suboptimal,effort_penalty,Effort Penalty,ai,1,39.20389999997616,4,4,6.121839918991375,1,2786.600000023842,ai|manual,False,False,0.0
102,2,1,0,2,effort_penalty|full_suboptimal,effort_penalty,full_suboptimal,effort_penalty,Effort Penalty,ai,1,25.561700000047683,4,4,9.38904689435962,1,3953.6999999284744,ai|manual,False,False,0.0
102,3,1,0,3,effort_penalty|full_suboptimal,effort_penalty,full_suboptimal,effort_penalty,Effort Penalty,ai,1,29.9805,3,4,6.0039025366488215,1,2656.2999999523163,ai|manual,False,False,0.0
102,4,1,0,4,effort_penalty|full_suboptimal,effort_penalty,full_suboptimal,effort_penalty,Effort Penalty,manual,0,21.836200000166897,3,4,8.243192496800004,0,1337.7999999523165,ai|manual,False,False,
102,5,1,0,5,effort_penalty|full_suboptimal,effort_penalty,full_suboptimal,effort_penalty,Effort Penalty,manual,0,29.61780000007153,3,4,6.077426412480512,0,2150.6999999284744,ai|manual,False,False,
102,6,1,0,6,effort_penalty|full_suboptimal,effort_penalty,full_suboptimal,effort_penalty,Effort Penalty,ai,1,24.07010000014305,4,4,9.970876730822624,1,1150.2000000476835,ai|manual,False,False,0.0
102,7,1,0,7,effort_penalty|full_suboptimal,effort_penalty,full_suboptimal,effort_penalty,Effort Penalty,ai,1,34.06640000009537,3,4,5.28379869899655,1,1209.9000000953674,ai|manual,False,False,0.0
102,8,1,0,8,effort_penalty|full_suboptimal,effort_penalty,full_suboptimal,effort_penalty,Effort Penalty,manual,0,17.385700000047684,3,4,10.353336362614463,0,1678.3000000715256,ai|manual,False,False,
102,9,2,1,1,effort_penalty|full_suboptimal,effort_penalty,full_suboptimal,full_suboptimal,Full Suboptimal,ai,1,60.104700000047686,3,4,2.994774119159686,1,1587.7000000476835,ai|manual,False,False,0.0
102,10,2,1,2,effort_penalty|full_suboptimal,effort_penalty,full_suboptimal,full_suboptimal,Full Suboptimal,ai,1,63.17220000004768,3,4,2.8493546211761527,1,1091.7999999523165,ai|manual,False,False,0.0
102,11,2,1,3,effort_penalty|full_suboptimal,effort_penalty,full_suboptimal,full_suboptimal,Full Suboptimal,ai,1,55.17410000002384,1,4,1.0874667642965463,1,4385.899999976158,ai|manual,False,False,0.0
102,12,2,1,4,effort_penalty|full_suboptimal,effort_penalty,full_suboptimal,full_suboptimal,Full Suboptimal,manual,0,31.096,3,4,5.788525855415488,0,755.2999999523163,ai|manual,False,False,
102,13,2,1,5,effort_penalty|full_suboptimal,effort_penalty,full_suboptimal,full_suboptimal,Full Suboptimal,ai,1,59.07510000014305,4,4,4.062625370069942,1,1033.600000023842,ai|manual,False,False,0.0
102,14,2,1,6,effort_penalty|full_suboptimal,effort_penalty,full_suboptimal,full_suboptimal,Full Suboptimal,ai,1,54.8895,4,4,4.372420954827426,1,1378.9000000953674,ai|manual,False,False,0.0
102,15,2,1,7,effort_penalty|full_suboptimal,effort_penalty,full_suboptimal,full_suboptimal,Full Suboptimal,manual,0,31.92659999990463,2,4,3.7586213377045614,0,933.0,ai|manual,False,False,
102,16,2,1,8,effort_penalty|full_suboptimal,effort_penalty,full_suboptimal,full_suboptimal,Full Suboptimal,ai,1,50.37819999992848,3,4,3.5729740244839148,1,1047.5,ai|manual,False,False,0.0
